{
    "read_files": "( /seqdata/krogh/cse/bitao/gene_age_mar_2017/raw_data/sorted/Aech/Aech_9/170325_I133_FCHGL5TBBXX_L7_RDWHANTosqDABERAAPEI-52/170325_I133_FCHGL5TBBXX_L7_RDWHANTosqDABERAAPEI-52_1.fq.gz, /seqdata/krogh/cse/bitao/gene_age_mar_2017/raw_data/sorted/Aech/Aech_9/170325_I133_FCHGL5TBBXX_L7_RDWHANTosqDABERAAPEI-52/170325_I133_FCHGL5TBBXX_L7_RDWHANTosqDABERAAPEI-52_2.fq.gz ), ( /seqdata/krogh/cse/bitao/gene_age_mar_2017/raw_data/sorted/Aech/Aech_9/170325_I133_FCHGL5TBBXX_L8_RDWHANTosqDABERAAPEI-52/170325_I133_FCHGL5TBBXX_L8_RDWHANTosqDABERAAPEI-52_1.fq.gz, /seqdata/krogh/cse/bitao/gene_age_mar_2017/raw_data/sorted/Aech/Aech_9/170325_I133_FCHGL5TBBXX_L8_RDWHANTosqDABERAAPEI-52/170325_I133_FCHGL5TBBXX_L8_RDWHANTosqDABERAAPEI-52_2.fq.gz )",
    "expected_format": "IU",
    "compatible_fragment_ratio": 0.9986029787851259,
    "num_compatible_fragments": 4055110,
    "num_assigned_fragments": 4060783,
    "num_consistent_mappings": 3127007,
    "num_inconsistent_mappings": 2318652,
    "strand_mapping_bias": 0.4989726597989707,
    "MSF": 0,
    "OSF": 1391,
    "ISF": 1566716,
    "MSR": 0,
    "OSR": 1362,
    "ISR": 1560291,
    "SF": 821169,
    "SR": 1489645,
    "MU": 0,
    "OU": 0,
    "IU": 0,
    "U": 0
}