{
    "read_files": "( /seqdata/krogh/cse/bitao/gene_age_mar_2017/raw_data/sorted/Lhum/Lhum_1/170325_I133_FCHGL5TBBXX_L5_RDWHANTosqDAAMRAAPEI-21/170325_I133_FCHGL5TBBXX_L5_RDWHANTosqDAAMRAAPEI-21_1.fq.gz, /seqdata/krogh/cse/bitao/gene_age_mar_2017/raw_data/sorted/Lhum/Lhum_1/170325_I133_FCHGL5TBBXX_L5_RDWHANTosqDAAMRAAPEI-21/170325_I133_FCHGL5TBBXX_L5_RDWHANTosqDAAMRAAPEI-21_2.fq.gz ), ( /seqdata/krogh/cse/bitao/gene_age_mar_2017/raw_data/sorted/Lhum/Lhum_1/170325_I133_FCHGL5TBBXX_L6_RDWHANTosqDAAMRAAPEI-21/170325_I133_FCHGL5TBBXX_L6_RDWHANTosqDAAMRAAPEI-21_1.fq.gz, /seqdata/krogh/cse/bitao/gene_age_mar_2017/raw_data/sorted/Lhum/Lhum_1/170325_I133_FCHGL5TBBXX_L6_RDWHANTosqDAAMRAAPEI-21/170325_I133_FCHGL5TBBXX_L6_RDWHANTosqDAAMRAAPEI-21_2.fq.gz )",
    "expected_format": "IU",
    "compatible_fragment_ratio": 0.9943750356579351,
    "num_compatible_fragments": 8296234,
    "num_assigned_fragments": 8343164,
    "num_consistent_mappings": 3584532,
    "num_inconsistent_mappings": 6308760,
    "strand_mapping_bias": 0.49823854271631559,
    "MSF": 0,
    "OSF": 2338,
    "ISF": 1798580,
    "MSR": 0,
    "OSR": 1687,
    "ISR": 1785952,
    "SF": 1521055,
    "SR": 4731936,
    "MU": 0,
    "OU": 0,
    "IU": 0,
    "U": 0
}