{
    "salmon_version": "0.8.2",
    "index": "/isdata/cse/bitao/gene_age_mar_2017/ref_genome/Lnig/Lnig",
    "libType": "A",
    "mates1": [
        "/isdata/cse/bitao/gene_age_mar_2017/raw_data/Lnig_2//w2m_br3/SRR3139050_1.fastq",
        "/isdata/cse/bitao/gene_age_mar_2017/raw_data/Lnig_2//w2m_br3/SRR3141097_1.fastq",
        "/isdata/cse/bitao/gene_age_mar_2017/raw_data/Lnig_2//w2m_br3/SRR3141494_1.fastq"
    ],
    "mates2": [
        "/isdata/cse/bitao/gene_age_mar_2017/raw_data/Lnig_2//w2m_br3/SRR3139050_2.fastq",
        "/isdata/cse/bitao/gene_age_mar_2017/raw_data/Lnig_2//w2m_br3/SRR3141097_2.fastq",
        "/isdata/cse/bitao/gene_age_mar_2017/raw_data/Lnig_2//w2m_br3/SRR3141494_2.fastq"
    ],
    "seqBias": [],
    "gcBias": [],
    "threads": "10",
    "output": "quants/w2m_br3",
    "auxDir": "aux_info"
}