{
    "read_files": "( /seqdata/krogh/cse/bitao/gene_age_mar_2017/raw_data/Dqua/Dqua_5/SRR1519122_1.fastq, /seqdata/krogh/cse/bitao/gene_age_mar_2017/raw_data/Dqua/Dqua_5/SRR1519122_2.fastq )",
    "expected_format": "IU",
    "compatible_fragment_ratio": 0.9902758515725288,
    "num_compatible_fragments": 14724171,
    "num_assigned_fragments": 14868757,
    "num_consistent_mappings": 15498993,
    "num_inconsistent_mappings": 4308499,
    "strand_mapping_bias": 0.4991859793729825,
    "MSF": 0,
    "OSF": 6001,
    "ISF": 7762113,
    "MSR": 0,
    "OSR": 5957,
    "ISR": 7736880,
    "SF": 2049731,
    "SR": 2058017,
    "MU": 0,
    "OU": 0,
    "IU": 0,
    "U": 0
}