{
    "read_files": "( /seqdata/krogh/cse/bitao/gene_age_mar_2017/raw_data/sorted/Aech/Aech_3x/170325_I133_FCHGL5TBBXX_L7_RDWHANTosqDABLRAAPEI-60/170325_I133_FCHGL5TBBXX_L7_RDWHANTosqDABLRAAPEI-60_1.fq.gz, /seqdata/krogh/cse/bitao/gene_age_mar_2017/raw_data/sorted/Aech/Aech_3x/170325_I133_FCHGL5TBBXX_L7_RDWHANTosqDABLRAAPEI-60/170325_I133_FCHGL5TBBXX_L7_RDWHANTosqDABLRAAPEI-60_2.fq.gz ), ( /seqdata/krogh/cse/bitao/gene_age_mar_2017/raw_data/sorted/Aech/Aech_3x/170325_I133_FCHGL5TBBXX_L8_RDWHANTosqDABLRAAPEI-60/170325_I133_FCHGL5TBBXX_L8_RDWHANTosqDABLRAAPEI-60_1.fq.gz, /seqdata/krogh/cse/bitao/gene_age_mar_2017/raw_data/sorted/Aech/Aech_3x/170325_I133_FCHGL5TBBXX_L8_RDWHANTosqDABLRAAPEI-60/170325_I133_FCHGL5TBBXX_L8_RDWHANTosqDABLRAAPEI-60_2.fq.gz )",
    "expected_format": "IU",
    "compatible_fragment_ratio": 0.9993115183180924,
    "num_compatible_fragments": 5621549,
    "num_assigned_fragments": 5625422,
    "num_consistent_mappings": 5261002,
    "num_inconsistent_mappings": 2482971,
    "strand_mapping_bias": 0.4981058741281604,
    "MSF": 0,
    "OSF": 1868,
    "ISF": 2640466,
    "MSR": 0,
    "OSR": 1902,
    "ISR": 2620536,
    "SF": 949939,
    "SR": 1527991,
    "MU": 0,
    "OU": 0,
    "IU": 0,
    "U": 0
}