{
    "read_files": "( /isdata/cse/bitao/gene_age_mar_2017/raw_data/Added/Mpha/Mpha_4/180220_X602_FCHHWY5CCXY_L6_RDWHANTosqDAADRAAPEI-12_1.fq.gz, /isdata/cse/bitao/gene_age_mar_2017/raw_data/Added/Mpha/Mpha_4/180220_X602_FCHHWY5CCXY_L6_RDWHANTosqDAADRAAPEI-12_2.fq.gz ), ( /isdata/cse/bitao/gene_age_mar_2017/raw_data/sorted/Mpha/Mpha_4/170325_I133_FCHGL5TBBXX_L5_RDWHANTosqDAADRAAPEI-12/170325_I133_FCHGL5TBBXX_L5_RDWHANTosqDAADRAAPEI-12_1.fq.gz, /isdata/cse/bitao/gene_age_mar_2017/raw_data/sorted/Mpha/Mpha_4/170325_I133_FCHGL5TBBXX_L5_RDWHANTosqDAADRAAPEI-12/170325_I133_FCHGL5TBBXX_L5_RDWHANTosqDAADRAAPEI-12_2.fq.gz ), ( /isdata/cse/bitao/gene_age_mar_2017/raw_data/sorted/Mpha/Mpha_4/170325_I133_FCHGL5TBBXX_L6_RDWHANTosqDAADRAAPEI-12/170325_I133_FCHGL5TBBXX_L6_RDWHANTosqDAADRAAPEI-12_1.fq.gz, /isdata/cse/bitao/gene_age_mar_2017/raw_data/sorted/Mpha/Mpha_4/170325_I133_FCHGL5TBBXX_L6_RDWHANTosqDAADRAAPEI-12/170325_I133_FCHGL5TBBXX_L6_RDWHANTosqDAADRAAPEI-12_2.fq.gz )",
    "expected_format": "IU",
    "compatible_fragment_ratio": 1.0,
    "num_compatible_fragments": 38086744,
    "num_assigned_fragments": 38086744,
    "num_frags_with_consistent_mappings": 27654908,
    "num_frags_with_inconsistent_or_orphan_mappings": 10445170,
    "strand_mapping_bias": 0.49008682292488556,
    "MSF": 0,
    "OSF": 0,
    "ISF": 14101602,
    "MSR": 0,
    "OSR": 0,
    "ISR": 13553306,
    "SF": 7755693,
    "SR": 2689477,
    "MU": 0,
    "OU": 0,
    "IU": 0,
    "U": 0
}