{
    "read_files": "/isdata/cse/bitao/gene_age_mar_2017/raw_data/Amel/SRR789759.fastq",
    "expected_format": "U",
    "compatible_fragment_ratio": 1.0,
    "num_compatible_fragments": 150420340,
    "num_assigned_fragments": 150420340,
    "num_consistent_mappings": 364680242,
    "num_inconsistent_mappings": 0,
    "strand_mapping_bias": 0.5096251389456958,
    "MSF": 0,
    "OSF": 0,
    "ISF": 0,
    "MSR": 0,
    "OSR": 0,
    "ISR": 0,
    "SF": 185850219,
    "SR": 178830023,
    "MU": 0,
    "OU": 0,
    "IU": 0,
    "U": 0
}