{
    "read_files": "( /seqdata/krogh/cse/bitao/gene_age_mar_2017/raw_data/sorted/Aech/Aech_3/170325_I133_FCHGL5TBBXX_L7_RDWHANTosqDAAYRAAPEI-37/170325_I133_FCHGL5TBBXX_L7_RDWHANTosqDAAYRAAPEI-37_1.fq.gz, /seqdata/krogh/cse/bitao/gene_age_mar_2017/raw_data/sorted/Aech/Aech_3/170325_I133_FCHGL5TBBXX_L7_RDWHANTosqDAAYRAAPEI-37/170325_I133_FCHGL5TBBXX_L7_RDWHANTosqDAAYRAAPEI-37_2.fq.gz ), ( /seqdata/krogh/cse/bitao/gene_age_mar_2017/raw_data/sorted/Aech/Aech_3/170325_I133_FCHGL5TBBXX_L8_RDWHANTosqDAAYRAAPEI-37/170325_I133_FCHGL5TBBXX_L8_RDWHANTosqDAAYRAAPEI-37_1.fq.gz, /seqdata/krogh/cse/bitao/gene_age_mar_2017/raw_data/sorted/Aech/Aech_3/170325_I133_FCHGL5TBBXX_L8_RDWHANTosqDAAYRAAPEI-37/170325_I133_FCHGL5TBBXX_L8_RDWHANTosqDAAYRAAPEI-37_2.fq.gz )",
    "expected_format": "IU",
    "compatible_fragment_ratio": 0.995526216491783,
    "num_compatible_fragments": 2976042,
    "num_assigned_fragments": 2989416,
    "num_consistent_mappings": 2216293,
    "num_inconsistent_mappings": 1919813,
    "strand_mapping_bias": 0.5120640637316456,
    "MSF": 0,
    "OSF": 1059,
    "ISF": 1081409,
    "MSR": 0,
    "OSR": 1059,
    "ISR": 1134884,
    "SF": 715032,
    "SR": 1185562,
    "MU": 0,
    "OU": 0,
    "IU": 0,
    "U": 0
}