{
    "read_files": "( /seqdata/krogh/cse/bitao/gene_age_mar_2017/raw_data/sorted/Lhum/Lhum_2/170325_I133_FCHGL5TBBXX_L5_RDWHANTosqDAANRAAPEI-23/170325_I133_FCHGL5TBBXX_L5_RDWHANTosqDAANRAAPEI-23_1.fq.gz, /seqdata/krogh/cse/bitao/gene_age_mar_2017/raw_data/sorted/Lhum/Lhum_2/170325_I133_FCHGL5TBBXX_L5_RDWHANTosqDAANRAAPEI-23/170325_I133_FCHGL5TBBXX_L5_RDWHANTosqDAANRAAPEI-23_2.fq.gz ), ( /seqdata/krogh/cse/bitao/gene_age_mar_2017/raw_data/sorted/Lhum/Lhum_2/170325_I133_FCHGL5TBBXX_L6_RDWHANTosqDAANRAAPEI-23/170325_I133_FCHGL5TBBXX_L6_RDWHANTosqDAANRAAPEI-23_1.fq.gz, /seqdata/krogh/cse/bitao/gene_age_mar_2017/raw_data/sorted/Lhum/Lhum_2/170325_I133_FCHGL5TBBXX_L6_RDWHANTosqDAANRAAPEI-23/170325_I133_FCHGL5TBBXX_L6_RDWHANTosqDAANRAAPEI-23_2.fq.gz )",
    "expected_format": "IU",
    "compatible_fragment_ratio": 0.9944245272108636,
    "num_compatible_fragments": 9475750,
    "num_assigned_fragments": 9528878,
    "num_consistent_mappings": 5029682,
    "num_inconsistent_mappings": 6697575,
    "strand_mapping_bias": 0.5141086454372265,
    "MSF": 0,
    "OSF": 2354,
    "ISF": 2443879,
    "MSR": 0,
    "OSR": 2244,
    "ISR": 2585803,
    "SF": 2041748,
    "SR": 4590021,
    "MU": 0,
    "OU": 0,
    "IU": 0,
    "U": 0
}