{
    "read_files": "( /seqdata/krogh/cse/bitao/gene_age_mar_2017/raw_data/sorted/Aech/Aech_5/170325_I133_FCHGL5TBBXX_L7_RDWHANTosqDABARAAPEI-45/170325_I133_FCHGL5TBBXX_L7_RDWHANTosqDABARAAPEI-45_1.fq.gz, /seqdata/krogh/cse/bitao/gene_age_mar_2017/raw_data/sorted/Aech/Aech_5/170325_I133_FCHGL5TBBXX_L7_RDWHANTosqDABARAAPEI-45/170325_I133_FCHGL5TBBXX_L7_RDWHANTosqDABARAAPEI-45_2.fq.gz ), ( /seqdata/krogh/cse/bitao/gene_age_mar_2017/raw_data/sorted/Aech/Aech_5/170325_I133_FCHGL5TBBXX_L8_RDWHANTosqDABARAAPEI-45/170325_I133_FCHGL5TBBXX_L8_RDWHANTosqDABARAAPEI-45_1.fq.gz, /seqdata/krogh/cse/bitao/gene_age_mar_2017/raw_data/sorted/Aech/Aech_5/170325_I133_FCHGL5TBBXX_L8_RDWHANTosqDABARAAPEI-45/170325_I133_FCHGL5TBBXX_L8_RDWHANTosqDABARAAPEI-45_2.fq.gz )",
    "expected_format": "IU",
    "compatible_fragment_ratio": 0.9992475642365689,
    "num_compatible_fragments": 6211136,
    "num_assigned_fragments": 6215813,
    "num_consistent_mappings": 5456009,
    "num_inconsistent_mappings": 3040268,
    "strand_mapping_bias": 0.48926935421110925,
    "MSF": 0,
    "OSF": 1967,
    "ISF": 2786551,
    "MSR": 0,
    "OSR": 1774,
    "ISR": 2669458,
    "SF": 1160891,
    "SR": 1873113,
    "MU": 0,
    "OU": 0,
    "IU": 0,
    "U": 0
}