{
    "salmon_version": "0.11.1",
    "index": "./Mpha_ERCC",
    "libType": "A",
    "mates1": [
        "/isdata/cse/bitao/gene_age_mar_2017/raw_data/Added/Mpha/Mpha_2/180227_X603_FCHHYVFCCXY_L2_RDWHANTosqDAABRAAPEI-9_1.fq.gz",
        "/isdata/cse/bitao/gene_age_mar_2017/raw_data/sorted/Mpha/Mpha_2/170325_I133_FCHGL5TBBXX_L5_RDWHANTosqDAABRAAPEI-9/170325_I133_FCHGL5TBBXX_L5_RDWHANTosqDAABRAAPEI-9_1.fq.gz",
        "/isdata/cse/bitao/gene_age_mar_2017/raw_data/sorted/Mpha/Mpha_2/170325_I133_FCHGL5TBBXX_L6_RDWHANTosqDAABRAAPEI-9/170325_I133_FCHGL5TBBXX_L6_RDWHANTosqDAABRAAPEI-9_1.fq.gz"
    ],
    "mates2": [
        "/isdata/cse/bitao/gene_age_mar_2017/raw_data/Added/Mpha/Mpha_2/180227_X603_FCHHYVFCCXY_L2_RDWHANTosqDAABRAAPEI-9_2.fq.gz",
        "/isdata/cse/bitao/gene_age_mar_2017/raw_data/sorted/Mpha/Mpha_2/170325_I133_FCHGL5TBBXX_L5_RDWHANTosqDAABRAAPEI-9/170325_I133_FCHGL5TBBXX_L5_RDWHANTosqDAABRAAPEI-9_2.fq.gz",
        "/isdata/cse/bitao/gene_age_mar_2017/raw_data/sorted/Mpha/Mpha_2/170325_I133_FCHGL5TBBXX_L6_RDWHANTosqDAABRAAPEI-9/170325_I133_FCHGL5TBBXX_L6_RDWHANTosqDAABRAAPEI-9_2.fq.gz"
    ],
    "output": "quants/Mpha_2",
    "threads": "10",
    "seqBias": [],
    "gcBias": [],
    "auxDir": "aux_info"
}