{
    "read_files": "/isdata/cse/bitao/gene_age_mar_2017/raw_data/Amel/SRR2954345.fastq",
    "expected_format": "U",
    "compatible_fragment_ratio": 1.0,
    "num_compatible_fragments": 188927570,
    "num_assigned_fragments": 188927570,
    "num_consistent_mappings": 502738953,
    "num_inconsistent_mappings": 0,
    "strand_mapping_bias": 0.5051308785297168,
    "MSF": 0,
    "OSF": 0,
    "ISF": 0,
    "MSR": 0,
    "OSR": 0,
    "ISR": 0,
    "SF": 253948969,
    "SR": 248789984,
    "MU": 0,
    "OU": 0,
    "IU": 0,
    "U": 0
}