{
    "read_files": "( /seqdata/krogh/cse/bitao/gene_age_mar_2017/raw_data/sorted/Aech/Aech_12/170325_I133_FCHGL5TBBXX_L7_RDWHANTosqDABHRAAPEI-56/170325_I133_FCHGL5TBBXX_L7_RDWHANTosqDABHRAAPEI-56_1.fq.gz, /seqdata/krogh/cse/bitao/gene_age_mar_2017/raw_data/sorted/Aech/Aech_12/170325_I133_FCHGL5TBBXX_L7_RDWHANTosqDABHRAAPEI-56/170325_I133_FCHGL5TBBXX_L7_RDWHANTosqDABHRAAPEI-56_2.fq.gz ), ( /seqdata/krogh/cse/bitao/gene_age_mar_2017/raw_data/sorted/Aech/Aech_12/170325_I133_FCHGL5TBBXX_L8_RDWHANTosqDABHRAAPEI-56/170325_I133_FCHGL5TBBXX_L8_RDWHANTosqDABHRAAPEI-56_1.fq.gz, /seqdata/krogh/cse/bitao/gene_age_mar_2017/raw_data/sorted/Aech/Aech_12/170325_I133_FCHGL5TBBXX_L8_RDWHANTosqDABHRAAPEI-56/170325_I133_FCHGL5TBBXX_L8_RDWHANTosqDABHRAAPEI-56_2.fq.gz )",
    "expected_format": "IU",
    "compatible_fragment_ratio": 0.9952257378337946,
    "num_compatible_fragments": 3364904,
    "num_assigned_fragments": 3381046,
    "num_consistent_mappings": 2538066,
    "num_inconsistent_mappings": 2161532,
    "strand_mapping_bias": 0.5032493244856516,
    "MSF": 0,
    "OSF": 1237,
    "ISF": 1260786,
    "MSR": 0,
    "OSR": 1148,
    "ISR": 1277280,
    "SF": 793073,
    "SR": 1345155,
    "MU": 0,
    "OU": 0,
    "IU": 0,
    "U": 0
}