{
    "salmon_version": "0.11.1",
    "index": "./Mpha_ERCC",
    "libType": "A",
    "mates1": [
        "/isdata/cse/bitao/gene_age_mar_2017/raw_data/Added/Mpha/Mpha_9x/180220_X602_FCHHWY5CCXY_L7_RDWHANTosqDAALRAAPEI-20_1.fq.gz",
        "/isdata/cse/bitao/gene_age_mar_2017/raw_data/sorted/Mpha/Mpha_9x/170325_I133_FCHGL5TBBXX_L5_RDWHANTosqDAALRAAPEI-20/170325_I133_FCHGL5TBBXX_L5_RDWHANTosqDAALRAAPEI-20_1.fq.gz",
        "/isdata/cse/bitao/gene_age_mar_2017/raw_data/sorted/Mpha/Mpha_9x/170325_I133_FCHGL5TBBXX_L6_RDWHANTosqDAALRAAPEI-20/170325_I133_FCHGL5TBBXX_L6_RDWHANTosqDAALRAAPEI-20_1.fq.gz"
    ],
    "mates2": [
        "/isdata/cse/bitao/gene_age_mar_2017/raw_data/Added/Mpha/Mpha_9x/180220_X602_FCHHWY5CCXY_L7_RDWHANTosqDAALRAAPEI-20_2.fq.gz",
        "/isdata/cse/bitao/gene_age_mar_2017/raw_data/sorted/Mpha/Mpha_9x/170325_I133_FCHGL5TBBXX_L5_RDWHANTosqDAALRAAPEI-20/170325_I133_FCHGL5TBBXX_L5_RDWHANTosqDAALRAAPEI-20_2.fq.gz",
        "/isdata/cse/bitao/gene_age_mar_2017/raw_data/sorted/Mpha/Mpha_9x/170325_I133_FCHGL5TBBXX_L6_RDWHANTosqDAALRAAPEI-20/170325_I133_FCHGL5TBBXX_L6_RDWHANTosqDAALRAAPEI-20_2.fq.gz"
    ],
    "output": "quants/Mpha_9x",
    "threads": "10",
    "seqBias": [],
    "gcBias": [],
    "auxDir": "aux_info"
}