{
    "read_files": "( /isdata/cse/bitao/gene_age_mar_2017/raw_data/Added/Mpha/Mpha_9x/180220_X602_FCHHWY5CCXY_L7_RDWHANTosqDAALRAAPEI-20_1.fq.gz, /isdata/cse/bitao/gene_age_mar_2017/raw_data/Added/Mpha/Mpha_9x/180220_X602_FCHHWY5CCXY_L7_RDWHANTosqDAALRAAPEI-20_2.fq.gz ), ( /isdata/cse/bitao/gene_age_mar_2017/raw_data/sorted/Mpha/Mpha_9x/170325_I133_FCHGL5TBBXX_L5_RDWHANTosqDAALRAAPEI-20/170325_I133_FCHGL5TBBXX_L5_RDWHANTosqDAALRAAPEI-20_1.fq.gz, /isdata/cse/bitao/gene_age_mar_2017/raw_data/sorted/Mpha/Mpha_9x/170325_I133_FCHGL5TBBXX_L5_RDWHANTosqDAALRAAPEI-20/170325_I133_FCHGL5TBBXX_L5_RDWHANTosqDAALRAAPEI-20_2.fq.gz ), ( /isdata/cse/bitao/gene_age_mar_2017/raw_data/sorted/Mpha/Mpha_9x/170325_I133_FCHGL5TBBXX_L6_RDWHANTosqDAALRAAPEI-20/170325_I133_FCHGL5TBBXX_L6_RDWHANTosqDAALRAAPEI-20_1.fq.gz, /isdata/cse/bitao/gene_age_mar_2017/raw_data/sorted/Mpha/Mpha_9x/170325_I133_FCHGL5TBBXX_L6_RDWHANTosqDAALRAAPEI-20/170325_I133_FCHGL5TBBXX_L6_RDWHANTosqDAALRAAPEI-20_2.fq.gz )",
    "expected_format": "IU",
    "compatible_fragment_ratio": 1.0,
    "num_compatible_fragments": 39290920,
    "num_assigned_fragments": 39290920,
    "num_frags_with_consistent_mappings": 26167098,
    "num_frags_with_inconsistent_or_orphan_mappings": 13153512,
    "strand_mapping_bias": 0.49667280643806968,
    "MSF": 0,
    "OSF": 0,
    "ISF": 13170612,
    "MSR": 0,
    "OSR": 0,
    "ISR": 12996486,
    "SF": 8675368,
    "SR": 4478144,
    "MU": 0,
    "OU": 0,
    "IU": 0,
    "U": 0
}