{
    "salmon_version": "0.8.2",
    "index": "/isdata/cse/bitao/gene_age_mar_2017/ref_genome/Lnig/Lnig",
    "libType": "A",
    "mates1": [
        "/isdata/cse/bitao/gene_age_mar_2017/raw_data/Lnig_2//w2m_br1/SRR3139049_1.fastq",
        "/isdata/cse/bitao/gene_age_mar_2017/raw_data/Lnig_2//w2m_br1/SRR3141085_1.fastq",
        "/isdata/cse/bitao/gene_age_mar_2017/raw_data/Lnig_2//w2m_br1/SRR3141464_1.fastq"
    ],
    "mates2": [
        "/isdata/cse/bitao/gene_age_mar_2017/raw_data/Lnig_2//w2m_br1/SRR3139049_2.fastq",
        "/isdata/cse/bitao/gene_age_mar_2017/raw_data/Lnig_2//w2m_br1/SRR3141085_2.fastq",
        "/isdata/cse/bitao/gene_age_mar_2017/raw_data/Lnig_2//w2m_br1/SRR3141464_2.fastq"
    ],
    "seqBias": [],
    "gcBias": [],
    "threads": "10",
    "output": "quants/w2m_br1",
    "auxDir": "aux_info"
}