UniqueCount	AmbigCount
508	0
1	0
725	0
580	0
7	0
2	0
20	0
928	0
10	0
7375	2
2	126
5	126
13	1642
118	1642
519	0
197	0
880	1
171	0
6	21
0	21
3	855
4	836
18	837
30	855
747	6
643	0
767	0
174	572
0	572
0	696
24	594
0	488
108	0
866	0
25	970
199	970
0	965
3383	6
517	0
33	315
39	315
242	0
4	3596
110	3427
110	3066
530	3227
865	0
424	0
1751	0
1	0
692	702
0	702
0	0
1	0
1961	0
127	0
136	0
2740	0
8	0
10808	0
641	0
0	0
251	0
235	0
31	143
16	143
730	2455
0	2455
0	0
0	0
169	0
245	0
54	415
0	415
470	0
2639	0
18	0
0	314
8	314
0	103
3	103
18	23
0	23
6	469
0	563
0	589
0	542
1	617
11	642
2	0
0	11
0	11
322	0
683	0
1105	0
15	0
0	969
32	969
0	843
56	843
0	285
19	285
1228	0
543	0
185	0
26	82
2	82
0	0
9	0
38	171
0	171
2	0
0	21
3	21
108	626
20	626
8	224
34	224
62	87
0	177
74	177
5	0
9	3912
0	4084
31	3912
184	3622
3	3627
1	3622
11	3627
336	1311
27	1311
36	1310
104	0
500	0
248	751
205	679
48	751
12	679
122	0
0	0
1439	0
143	0
266	0
10	0
0	0
1125	0
433	0
74	0
15	0
532	2425
0	2425
3	338
0	352
0	320
20	325
5	262
85	0
536	0
424	0
54	0
8	0
939	0
121	0
1289	0
1798	0
222	0
695	0
51	0
3584	0
471	0
2	0
403	0
90	0
470	0
1427	0
0	3
6	3
1188	3931
0	3931
82	0
87	0
0	1
0	1
0	0
8	1272
215	1131
175	1258
743	0
0	3125
74	2897
171	3067
171	3098
1181	3098
20	0
506	0
874	0
1216	0
292	0
398	3029
144	3029
10	0
1268	0
0	4460
1185	4460
285	0
1205	0
89	667
11	667
231	0
0	0
126	0
70	1217
49	1217
44	1805
7	1805
17	1715
622	0
3354	0
6	258
30	258
2503	0
56	934
82	911
19	854
3	831
160	272
0	272
3	0
0	0
151	483
0	483
0	2092
19	2021
12	2010
119	204
85	204
0	712
0	717
0	716
0	721
8852	0
3148	0
257	2969
230	2969
12	2011
5	1844
35	1999
704	0
1134	0
854	0
141	1206
2	1206
9	103
10	103
3	103
15	0
0	177
1	177
1	177
185	0
294	0
312	0
141	0
0	517
7	412
1	507
0	494
0	481
15	49
0	49
339	0
381	3019
0	3187
95	3049
0	2640
0	2094
8	0
13	0
115	332
0	332
2337	0
259	0
69	2356
145	2356
11	0
424	0
160	4530
150	4530
35	212
0	212
9	524
135	524
0	607
13	536
12	514
0	568
1	79
0	79
525	1254
0	1254
395	0
534	0
0	67
10	67
399	0
46	1278
247	1278
44	1097
2	0
186	0
347	0
278	0
133	0
14	218
0	218
29	604
43	604
64	0
92	2365
0	3083
175	2800
2	2199
0	2301
0	2254
22	625
180	625
0	952
0	912
30	856
3	881
0	838
264	0
11230	0
0	767
34	701
7	624
193	706
0	590
935	0
1161	0
3	0
168	2584
0	2987
102	2509
547	11
619	0
287	0
2378	0
17	0
4	0
0	0
702	0
15	1138
25	1138
1061	0
0	4292
232	4261
46	4065
10	3789
899	1914
0	1914
3	717
197	717
924	0
7433	0
5	73
0	73
1212	0
545	0
1298	0
4063	0
1409	0
246	0
2	0
0	0
706	0
10	1
15	1
4	0
3	0
2	0
8	1022
119	1022
9	14
0	14
10	1919
9	2120
0	2169
23	206
124	206
5	807
42	752
6	913
0	934
2	906
49	915
0	698
1297	0
1	468
0	468
216	0
89	189
2	189
378	0
190	274
1	274
24	0
5	761
0	758
153	761
189	0
1308	0
1	0
292	0
137	5
735	0
5	80
0	80
39	0
39	2983
65	3032
10	3009
40	2949
2	3061
0	3080
3	3051
0	3050
797	0
0	346
105	346
71	0
440	0
0	635
35	635
4521	0
1214	0
235	0
515	0
59	0
0	0
0	0
0	0
0	1
0	1
0	0
0	0
0	0
0	0
0	0
1	0
0	0
0	0
0	0
0	0
0	0
0	0
2	0
3	0
5	55
2	55
98	0
429	0
1405	0
56	0
336	0
448	0
7760	0
74	284
0	284
79	0
337	0
101	0
160	0
531	0
62	4548
0	4548
13	785
83	785
170	0
53	0
408	0
388	0
4	0
1809	0
3682	0
133	0
3500	0
853	0
711	0
235	0
228	0
191	0
1510	0
691	0
3	76
51	76
579	0
243	109
14	109
286	5
3006	0
913	0
595	0
1631	0
145	1846
33	1846
10	0
155	0
7	856
94	856
112	495
259	0
0	495
470	0
849	0
1034	0
299	0
0	0
71	867
10	867
163	0
409	0
1	2587
63	2523
140	2565
1176	0
2	660
0	655
8	622
2	637
3	646
0	665
0	538
4	695
43	694
6	679
143	678
0	641
2	0
0	450
4	349
4	429
0	420
0	372
359	0
2751	0
25	3401
123	3401
2	3401
9	0
294	0
2	603
97	603
57	0
108	0
5	4718
8	4556
38	4612
0	4757
0	4839
0	4833
0	4780
0	4816
0	4763
0	4810
0	4696
0	4883
0	4965
0	4959
0	4942
0	4936
0	4881
74	0
434	0
1153	0
559	0
231	48
51	0
152	0
120	401
97	3
100	971
0	971
34	0
104	1273
192	1273
12	0
457	332
60	332
709	0
3975	1
0	1
820	0
560	0
45	557
0	557
2574	0
831	0
18	4918
19	4868
0	4928
46	4918
158	1342
14	1342
0	0
1	243
0	243
330	0
470	0
20	0
750	0
63	0
4	1224
0	1255
2	1190
32	1246
2	1255
751	0
426	0
19	2770
229	2770
254	0
0	47
1	47
37	47
293	0
970	0
1863	0
35	0
0	331
11	331
247	0
494	0
160	0
3945	0
5	0
0	39
0	39
2096	0
517	0
130	0
1709	0
3418	0
55	0
0	1336
0	1437
6	1535
0	1652
0	1704
211	1615
0	1924
1412	1439
13	1477
33	1470
117	0
346	0
0	3923
28	3899
28	3838
66	157
0	154
1	157
2547	0
3	0
178	0
1456	0
3	0
5	995
34	995
581	0
602	0
72	3079
0	2594
0	3198
0	3150
7	2515
0	2642
153	3086
25	2812
62	434
7	434
21	103
29	103
114	0
18	0
11	0
327	0
371	0
175	0
130	0
388	0
406	0
2	846
97	846
93	8937
21	8937
291	8937
277	8937
16	9140
64	8955
24	8984
332	9040
4	9164
54	8937
60	8937
108	8937
268	8492
107	7312
6	0
84	0
1773	0
3	15
23	15
0	724
19	724
915	0
21	0
610	0
144	0
59	0
19	769
97	769
6	154
345	154
2204	0
0	696
0	719
0	717
0	736
0	734
5	0
6	0
0	825
0	855
0	856
0	889
0	827
0	858
0	890
0	702
3	459
1	273
2	0
30	106
7	158
96	158
158	743
89	743
0	3
0	3
0	864
7	876
53	866
1	870
14	876
0	864
26	914
128	910
31	0
17	179
29	179
5	508
0	619
0	571
3	0
5	202
0	217
0	217
1	202
43	365
2	365
2215	0
7013	0
848	0
160	0
691	0
504	0
617	0
3758	0
61	0
242	0
19	459
0	459
353	0
12	2496
5	2496
65	2568
0	2496
110	2464
763	0
35	102
0	102
2331	0
0	0
5	0
69	855
3	855
0	0
5	0
0	562
0	609
6	635
13	681
58	609
0	607
23	114
1	114
0	622
0	622
0	622
225	0
76	703
95	703
56	0
111	0
267	0
9	0
766	0
609	0
189	0
17	0
0	0
234	0
527	0
1557	3
28307	0
3	0
3	0
367	0
9	106
47	106
84	4238
166	4277
9	3947
245	3964
126	3990
536	4253
81	682
44	682
5	0
51	0
2	0
0	688
74	688
458	0
246	0
53	643
12	833
0	420
446	0
59	0
1101	0
181	0
99	1369
193	1369
0	0
314	0
450	0
659	0
0	63
3	62
0	63
22	0
0	34693
2454	32080
16	34354
335	34589
1052	34377
180	0
412	0
115	1768
100	1768
164	0
1581	0
22	0
4716	0
502	0
307	0
12	1317
76	1317
72	0
0	107
0	110
3	110
35	27
3	27
7	5276
13	5140
128	5367
0	5456
0	5216
479	0
1044	0
338	0
18	0
350	0
1	0
1	0
261	0
955	0
96	0
429	0
0	1162
6	939
1	1091
493	0
821	0
2578	0
32	220
0	220
14	234
4	234
18	0
1177	0
471	0
360	0
2413	0
6	0
10	5015
29	5005
64	5011
84	5015
0	0
4	0
91	58
3	58
66	1018
19	1018
113	0
30	0
657	0
211	527
0	527
408	0
575	5104
0	5104
41	3960
55	3960
308	2767
0	2767
55	994
114	994
32	0
934	0
0	2943
0	3003
1	2875
9	2990
29	2822
3	2750
5	2745
3	2735
75	2730
0	2617
21	2620
122	0
0	0
683	0
3	0
24	0
5	0
73	798
6	848
12	848
0	719
2	0
22	510
0	518
0	501
3	395
1370	0
706	0
274	0
9511	0
1	333
15	333
1549	333
25	232
64	232
0	51
0	85
43	85
35	0
310	0
0	5620
3	5480
13	5375
22	5458
190	5601
6998	0
83	525
2	525
10	0
0	0
296	0
3	4035
1194	4035
492	0
14	228
22	228
39	1655
0	1651
0	1682
0	1688
0	1652
0	1683
0	1658
0	1689
65	1283
0	188
53	188
224	0
0	94
12	94
0	22
0	22
64	0
3	16017
34	15752
289	15965
9	0
225	0
424	0
169	0
741	0
4	0
60	1150
23	1115
0	1155
336	0
3	0
32	0
16	0
207	23
175	1170
8	1170
180	0
865	0
28	0
174	0
324	455
131	455
355	5855
236	5895
0	5782
58	5895
30	0
125	0
2580	0
3545	0
2	1774
63	1774
568	0
734	0
661	0
1469	0
4	0
43	0
10	1716
24	1716
47	1315
0	1375
41	1315
10	990
4	1255
3	1287
3	1287
3	1128
987	0
666	36
482	0
8	179
9	179
148	0
2541	10027
0	10027
1	0
125	0
445	0
152	4716
155	4716
118	3370
0	3370
0	3341
2	3352
20	3352
14	2825
17	2821
141	2157
3443	0
768	0
130	1823
55	1839
2	1743
1	1741
0	1747
0	1689
34	1726
1214	0
49	102
2	102
1871	0
1	884
7	963
0	1175
69	1158
24	623
2	623
18	765
103	765
16	172
3	172
1	172
15	0
67	0
233	0
1483	0
0	0
18	3477
22	3406
103	3996
72	3925
13	0
10	0
9	0
1433	0
37	0
0	0
3	0
289	0
97	82
0	82
748	0
55	895
35	749
0	1139
78	1348
0	1355
11	1262
253	0
304	0
116	0
1018	29
444	0
0	2596
263	2596
75	747
302	747
1939	0
2	65
0	64
7	65
3221	0
6	1010
78	1010
15	0
1	107
100	107
1945	0
884	0
214	817
308	817
536	0
2247	0
36	0
5083	47
229	0
378	1658
168	1503
23	1647
24	1658
34	0
38	682
28	682
1077	0
38	1062
0	1062
1477	0
0	58
5	58
193	0
1623	0
1056	0
362	0
519	0
816	0
438	0
1	0
506	0
2243	0
1	90
7	90
3	0
0	1373
1	1373
30	0
360	0
11406	0
54	285
0	285
1	0
1	0
39797	0
1340	0
119	0
108	241
0	241
2109	0
3	0
326	0
7813	0
59	0
515	0
7585	0
7	0
0	4328
21	3295
0	4325
105	5221
0	5227
2	3865
27	3036
0	2965
1845	0
20	0
533	0
116	0
688	0
2059	5
319	0
1	17
5	17
0	1225
5	1225
0	590
45	590
81	2296
7	2296
18	2224
224	0
374	0
341	0
32	0
227	0
0	40
27	35
1	10
5	0
0	660
3	660
0	209
4	299
1	250
17	340
4832	7301
202	7301
362	0
40	0
1042	0
636	0
184	0
2	0
10	4189
242	4189
72	4137
20	4169
84	4260
10	4134
0	4235
482	1
1258	0
234	0
0	0
0	869
0	874
0	858
0	863
16	818
1	802
2	802
5	801
516	0
9	382
60	382
1784	0
1453	0
247	0
114	0
208	3807
36	3807
1	27
9	26
5	27
65	0
638	0
1	183
1	224
0	230
0	222
5	0
1	0
11	0
23	121
0	121
6	0
0	0
0	0
1	0
7	533
0	306
0	433
51	2303
170	2303
352	0
14	0
731	0
3933	0
4745	0
592	0
290	2673
0	2673
10	0
0	2391
22	2117
64	2378
0	2378
123	2378
512	0
0	336
80	336
210	0
2	0
2	0
31	178
4	178
14	225
49	225
0	0
0	23
0	23
604	0
1	0
11	130
0	130
287	0
739	0
0	1715
0	1703
0	1718
0	1706
59	1698
1	1675
0	1708
0	1696
0	1765
0	1756
0	1716
0	1719
0	1707
0	1697
6582	1396
5	482
0	344
0	365
5	503
0	0
0	0
126	538
65	538
23	0
543	0
3598	0
598	0
237	0
132	0
1993	0
59	277
98	277
81	0
845	0
386	0
320	4749
615	4749
0	364
2	348
0	298
468	1446
2	1446
26	2479
164	2479
345	2397
170	0
0	899
0	846
1	722
0	689
0	731
0	740
0	639
0	678
0	687
8	46
0	46
0	1649
113	1414
243	1568
335	0
1865	0
222	0
456	975
3	975
0	2598
37	2481
46	2416
15	2116
3696	0
412	0
599	0
1635	0
1606	0
2605	0
5301	0
1150	0
1772	0
666	0
0	5519
1693	5519
5	0
2600	0
261	11579
1154	11579
18	3404
1	3416
0	3460
0	3413
1	3457
0	3374
0	3484
30	3296
23	3399
2	3408
0	3274
0	3528
0	3418
0	3230
103	0
3467	0
0	0
629	0
33	2381
121	2481
0	2536
455	0
3662	0
2	0
42	994
0	930
0	994
606	0
4440	0
1092	0
14	0
0	0
7521	0
1	0
56	377
0	345
19	377
1222	0
104	0
473	0
352	0
2	251
0	325
0	261
668	0
162	0
425	0
1	0
0	838
0	838
5	813
281	0
51	1443
1	1526
66	1448
1447	0
5	24
0	24
3182	0
2556	0
437	1612
8	1039
41	1022
1	39
0	39
13	432
141	428
6	248
35	244
373	0
64	0
1492	0
284	0
2	208
1	208
0	195
835	0
0	1403
115	1360
56	1361
19	1249
104	0
42	572
12	576
0	601
0	529
0	0
1184	0
2	0
7	1127
276	1127
111	669
4	669
209	0
411	0
75	478
0	478
1980	0
174	0
154	0
19391	0
577	4812
0	4812
14	0
16	0
1864	0
633	0
3	0
255	0
382	0
172	214
111	0
109	3756
136	3809
3	3880
594	0
26	120
31	120
224	0
20	362
68	362
25	0
623	0
481	0
10	0
154	0
46	0
490	0
1	10
1	10
537	0
5	0
0	0
1279	0
438	0
908	0
6	2
0	2
1790	0
94	3196
236	3196
21	0
112	241
48	241
2108	0
22	191
0	191
0	191
0	203
0	191
127	1073
172	1073
577	0
757	0
1	224
1	332
36	332
327	0
7	0
126	797
0	1036
48	946
0	742
73	667
0	667
497	0
0	0
68	0
10	0
337	0
4	0
217	0
184	0
309	0
99	419
0	419
221	0
564	0
383	0
112	0
233	314
0	314
663	16
1423	0
232	0
110	0
6	485
179	485
2	234
8	234
92	420
14	420
10	420
591	2411
8	2411
24	2392
2	0
0	3
0	3
0	3
0	0
75	369
25	369
1836	0
164	0
0	0
446	0
447	0
0	9
3	9
0	4975
9	4783
116	3523
3631	0
541	0
345	0
33	0
8	0
3976	0
206	5603
62	5603
11	228
54	228
1335	0
9	537
123	537
5254	0
2	0
327	0
6	0
590	0
947	16
307	0
0	420
0	420
106	198
0	185
14	198
0	45
12	45
195	0
1647	0
1157	0
325	0
33	0
1092	0
666	0
225	0
466	0
7660	0
763	0
444	0
15	0
4091	0
2386	0
15	577
0	577
23	84
0	84
0	0
245	3047
23	3047
154	953
2	840
48	1209
112	1209
500	0
60	0
0	0
5	0
62	4
0	0
277	0
0	1229
3	1082
44	1082
0	1285
173	1276
0	0
81	9118
13	8273
0	9702
16	0
6	355
1	329
0	364
2	208
1	208
55	544
47	544
100	0
159	0
1	1083
0	1006
0	1090
0	1045
14	345
15	345
0	324
1431	0
3	3
10	3
0	2151
0	2035
21	2116
24	1909
47	2128
2808	0
365	0
765	0
1147	0
207	0
82	1146
24	1146
15	0
287	0
1519	0
49	243
1	243
197	247
0	247
0	2145
144	2145
836	0
40	0
3530	0
34	57
7	240
52	297
1418	0
557	0
2926	0
665	0
2819	0
143	0
10	1642
9	1642
463	0
26	0
194	0
144	0
306	0
1714	0
1	0
4	94
0	94
6	7
0	0
67	0
0	0
0	0
6	0
4	0
1	0
4	19
44	0
17	0
5	537
6	536
0	537
0	533
80	536
5985	0
8	217
35	217
0	194
1	1727
22	1727
63	1550
957	0
23	2000
44	2000
6448	0
1804	0
907	0
405	0
6100	0
215	0
36	3358
8	3299
33	3304
11	3211
10	3166
3575	0
552	2094
488	2094
15	271
39	271
1800	0
1024	0
125	0
55	0
250	0
626	0
305	0
419	0
0	322
0	359
16	341
10	331
3332	0
1063	0
260	553
0	553
5	0
0	416
0	415
0	453
0	452
36	411
3	19
0	19
0	16
858	0
425	0
18	1074
10	1109
98	1109
0	156
0	156
31	0
299	0
3	0
2	0
24	0
412	0
19	0
284	0
0	625
0	604
0	779
0	754
0	515
0	364
0	529
0	374
0	28
0	28
13206	0
1919	0
2	86
18	86
0	68
106	32
18	18
2468	0
206	0
307	44
330	0
546	0
281	0
316	0
1467	0
99	0
291	0
844	0
185	0
0	548
8	528
15	399
7	547
6	525
5	386
76	0
194	2442
175	2442
689	0
122	4
0	1067
44	1231
38	903
1320	0
374	0
0	0
1876	0
849	0
387	0
112	569
39	569
1127	0
14	86
3	86
98	0
1	2422
7	2409
0	2434
0	2411
0	1509
0	1552
20	1553
0	1557
0	1600
2304	60
215	0
123	0
4436	0
65	267
0	267
10	0
108	0
0	0
1844	0
1445	0
59	828
18	828
92	1342
0	1368
11	1327
11	1328
1	0
1	0
1	10
2	10
0	114
6	113
2	102
0	103
116	0
251	0
14	472
253	472
32	0
8	3
0	3
142	1440
19	1440
704	0
9944	3
4118	0
119	0
172	0
3	0
0	187
51	187
9	88
52	91
0	88
42	0
83	6
149	0
527	0
68	233
1	233
2525	0
4236	0
143	0
3773	0
22825	0
481	0
0	311
0	311
4317	0
163	1469
0	1523
291	1462
78	1171
0	1078
317	1171
63	0
92	2525
0	2562
226	2328
586	0
158	0
2977	0
0	325
111	381
24	381
7	351
5	572
78	572
3	0
447	1450
1	1450
267	0
37	0
262	0
615	2
1	0
0	1370
313	1370
20	7195
0	7195
224	6773
98	7192
282	7192
0	115
3	122
1	112
3	119
0	86
9	1249
104	1249
1	1101
268	1865
0	1865
700	0
866	0
193	0
0	1187
0	1270
0	1249
0	1310
0	1206
0	1289
0	1227
847	0
397	0
874	0
816	0
621	0
4912	0
493	0
522	0
2816	0
29	0
27	0
32	948
8	799
5	912
0	988
1	1001
0	1023
15	985
4	0
17	0
1274	0
232	0
40	720
3	720
6	183
110	183
2284	0
2	259
0	259
42	0
536	0
2781	0
94	0
174	0
510	0
19	0
0	2153
107	2052
12	1994
2	1992
59	1994
18	0
0	73
4	73
33	0
420	0
989	0
2	0
451	0
1090	0
0	2514
142	2453
89	2413
183	2424
104	2438
78	0
4134	0
85	0
283	0
1392	0
25	0
433	0
1902	0
1	0
51	0
82	0
174	0
24	0
0	1932
4	1918
2	1861
2911	0
33	285
0	285
0	0
1	0
6928	0
485	0
21	0
556	0
589	0
405	0
175	0
236	0
0	1831
51	1831
0	1671
8	0
312	0
0	2122
103	1754
8	2319
0	2346
13	2377
6	2342
4	2356
39	2215
21	2271
5	2207
11	2296
0	2063
0	2078
225	0
150	0
760	0
44	0
145	0
222	0
2993	0
9	913
125	913
43	0
2634	2
56	2216
0	2216
5283	3079
900	3079
6	291
11	291
323	0
0	51
0	51
985	0
1	158
11	158
94	0
39	518
28	518
305	0
266	1716
42	1716
642	0
373	0
493	0
940	0
1	0
4	0
43	1384
133	1384
0	661
0	661
2	643
0	2630
0	2775
0	2653
0	2798
0	2767
0	2912
133	0
2165	2673
0	2673
62	0
2814	0
1273	0
24	0
671	0
2654	4
2006	0
7	0
161	0
5	654
30	610
6	543
20	543
0	1838
4	1803
60	1821
13	1803
745	0
33	3336
22	3265
22	3330
0	3703
30	3466
17	3465
8	3516
65	3322
0	3119
0	3363
684	0
757	0
0	119
2	147
46	147
1375	0
1609	0
47	0
54	284
65	284
1407	0
4	150
12	190
10	122
72	0
102	5572
352	5572
3160	0
112	0
1	0
215	0
1706	0
1114	0
0	0
0	131
39	131
16	0
2795	0
2166	0
654	0
503	0
1	0
239	0
131	0
11	28
0	28
28	442
2	633
12	467
8618	0
1060	0
1326	608
741	15986
258	15986
11	0
9	715
6	715
17	708
193	708
798	0
591	0
783	0
121	0
1	0
0	0
1118	0
9	0
268	704
0	704
173	0
1321	0
235	0
15	600
45	600
18	493
0	536
41	519
3	473
5202	0
2567	0
296	0
0	418
34	418
22	1123
24	1148
0	1188
0	1079
1120	0
472	0
368	0
1	16
34	16
153	523
0	523
335	0
27	0
14	786
65	786
752	0
194	0
0	20
2	19
0	23
903	86
0	2543
0	2918
577	2883
659	0
953	0
11	1399
85	1399
207	0
1010	0
820	0
371	0
630	0
13	0
0	0
49	0
0	0
0	457
3	457
372	0
128	0
184	0
13	0
733	0
128	0
226	0
2487	0
6	1264
42	1264
0	547
898	547
324	0
400	0
100	0
420	0
266	0
0	0
6	197
20	197
1347	0
356	0
4	0
278	839
883	839
0	103
10	103
13	810
43	810
178	0
663	0
190	0
17	158
9	158
3	510
0	510
0	504
270	0
14	93
2	93
160	0
1198	0
2185	0
1011	0
7	0
13	367
76	367
523	0
115	0
83	435
32	435
1270	0
561	0
58	2933
377	3169
347	2627
0	12
8	12
67	0
232	0
476	0
726	0
5142	0
6	1442
8	1551
54	1452
1106	0
0	105
0	105
461	0
4	70
4	76
0	147
0	99
23	3939
0	4137
97	3896
11	4080
18	4084
1	3629
66	4103
12	3602
2	3594
36	3650
4	3576
6	3586
35	3642
4	3549
469	0
2048	0
60	653
94	653
27	69
0	69
133	3356
0	3375
2	3466
1	3366
0	3371
0	3448
0	3405
5	3525
0	3369
1	3372
5	3474
8	3412
0	3418
1	3492
0	3452
0	3343
10	3501
25	3617
5	3422
14	3561
10	3426
5	3335
0	3298
3	3356
0	813
0	819
0	849
0	855
2	22
0	22
8	0
89	0
5076	0
0	1843
0	1859
0	1860
0	1876
7	0
68	0
1	0
0	0
93	0
8	0
0	0
4	0
133	11
88	0
15	0
16	0
2694	0
0	0
1	0
5	0
9	603
131	603
1185	0
3	587
38	587
118	661
89	661
0	7023
212	6978
11	5239
530	0
616	0
66	0
343	0
24306	0
75	0
3	9158
297	9178
16	9005
139	9370
11	0
1001	0
1	0
20	0
300	0
3305	0
1	0
23	0
10	0
1134	0
7	1478
6	1479
59	1479
84	0
20	1
1	0
4	0
253	0
207	0
75	0
477	0
110	0
96	0
425	0
185	242
7	242
22	441
3	441
445	1031
90	1186
0	1186
0	1843
0	1925
6	1652
239	0
216	0
1947	0
475	0
3386	0
54	803
76	803
0	0
0	0
348	0
460	0
134	0
58	127
52	127
211	0
121	0
10	0
53	1001
26	971
0	1006
101	0
0	31
19	31
274	0
13	743
6	743
64	1232
77	1165
0	1259
54	1072
1	10
1	10
15	0
361	0
485	0
0	0
7	0
137	0
419	0
3	283
33	283
1253	0
0	1562
20	1378
49	1470
22	1470
12	297
31	297
292	0
283	0
423	0
4	0
24	810
111	810
2	810
2	810
16	0
100	0
0	93
57	93
89	0
646	36
231	0
40	0
3351	13
3	403
0	399
0	403
1	399
437	0
0	9415
0	8597
10	9014
85	9122
6	9597
1	9409
0	8779
6	9538
1	8903
200	9316
175	8945
9	905
0	905
47	0
52	180
0	180
80	0
22	0
528	0
817	0
1868	1
3210	0
17	0
161	245
63	0
44	0
20	0
469	5114
41	5114
833	0
140	0
447	0
25	987
16	998
20	770
382	0
213	0
17	0
539	0
775	0
8	86
111	0
400	0
1	0
141	0
185	0
453	0
973	0
122	0
220	0
226	0
43	0
0	1889
0	2144
0	2102
3	2357
0	1577
553	0
1080	0
494	0
1	0
0	80
0	60
0	63
3	694
106	694
2173	0
10	755
17	700
6	703
27	732
17	0
65	0
156	0
9	0
251	0
1842	0
0	143
53	143
1030	0
86	0
42	0
24	0
1504	0
0	1000
3	919
104	997
2703	0
1234	0
223	0
0	305
19	305
547	0
2766	0
17	6
0	6
0	0
362	0
0	2197
901	2197
234	0
1032	0
5	0
966	8
200	0
457	0
208	0
41	0
6	0
766	0
357	0
626	0
2	0
0	430
39	368
4	401
13	0
13	0
0	13
0	13
1140	0
1866	0
6	278
0	278
602	0
1291	0
0	273
195	273
4	0
6	15
4	15
5	0
141	0
1099	0
0	0
98	0
778	0
76	0
1472	0
1457	0
37	1807
163	1807
97	0
729	0
95	0
1	0
38	200
0	200
7	39
7	39
111	0
4	0
19	335
6	335
6	0
135	0
3245	0
0	0
9	0
674	0
1289	0
516	0
937	0
600	0
539	2245
1	2245
59	13736
556	13736
535	0
3163	0
387	0
92	0
0	1636
55	1539
0	1524
0	1513
0	1636
0	1524
20	1524
287	0
201	0
249	0
1294	0
2	0
111	389
132	389
655	0
604	0
250	0
309	0
0	1237
64	974
91	1028
0	1129
93	1055
14	902
3139	0
1	0
115	465
0	465
1	846
0	662
0	615
0	431
6	1238
36	1238
5	262
126	262
415	0
4527	0
291	0
589	104
164	0
184	0
3	784
176	784
516	0
725	0
4	0
637	0
675	0
26	0
0	789
4	686
0	614
0	276
27	276
0	268
566	0
128	0
31	430
32	430
19	437
0	437
263	0
736	0
444	0
257	0
87	0
19	0
154	0
29	114
1	114
1310	15
21	0
96	772
45	772
0	785
0	771
0	785
35	772
0	768
418	0
572	0
256	0
988	0
0	270
0	270
1	266
1	266
1588	0
452	0
4	503
0	608
0	516
850	0
200	1728
0	1728
107	491
13	491
4	0
3	195
1	195
0	195
105	0
0	0
137	367
0	367
38	0
67	63
0	63
0	1288
0	1352
15	1147
131	0
552	0
1812	3411
1	3411
1771	0
1878	0
0	589
0	512
3	740
1	663
3861	0
5285	0
1366	0
201	0
115	168
5	168
44	0
0	0
1008	0
96	0
2	0
2423	0
28	0
28	0
53	0
176	0
0	129
12	129
0	129
0	1206
5	1120
0	984
0	103
42	103
264	0
209	0
0	0
2	0
1	0
0	0
0	0
0	3090
0	3067
0	3142
34	2904
0	3119
47	3011
104	3204
17	3033
0	3218
0	3270
4	2993
45	2938
0	847
9	847
741	0
113	1866
5	1866
9	19
0	19
247	0
11	1645
32	1702
0	1754
2	882
3	710
104	874
29	305
66	305
104	82
0	82
2013	0
124	49
7	49
160	0
20	3507
192	3507
245	3507
0	0
1099	0
505	0
87	1348
48	1348
105	0
1	0
3041	0
3	0
351	412
0	180
11	180
88	0
753	0
440	0
596	0
0	782
0	805
0	846
0	865
0	889
0	908
0	763
0	786
239	0
240	0
21	0
0	453
133	453
351	0
691	0
24	0
25	0
997	0
1190	0
1086	0
164	0
3767	0
200	0
1152	0
1160	0
101	0
504	619
0	619
239	0
11	0
6	1034
16	1219
25	1284
17	1242
0	1371
51	1243
86	1365
86	1324
0	1101
15	21
2	21
268	3597
7	3597
0	3608
0	3352
10	1139
3	1140
7	1183
9	1133
6	1134
43	1190
0	1227
572	0
0	0
243	0
3609	0
174	0
445	0
5	0
481	0
18	0
203	0
253	0
3	0
173	1325
124	1325
241	0
0	279
0	279
68	0
288	0
1459	0
11838	0
2141	84
0	13
0	13
0	11
0	12
0	12
0	10
0	7680
20	7636
36	7641
0	8083
36	7252
50	7252
1168	0
1667	0
0	153
17	153
1	0
16	394
0	395
2	395
7182	0
648	0
425	0
560	0
3	0
3	22
1	22
3326	0
869	0
3053	16
3	0
26	0
4	12
2794	0
185	603
30	603
113	0
1067	0
735	0
94	350
0	350
267	640
0	546
1	594
0	633
102	0
173	0
399	0
33	717
56	717
449	0
138	0
131	0
2100	0
0	5315
1	5305
30	5303
40	5267
46	5267
192	5250
113	4470
174	324
0	324
9	0
5709	4699
45	4843
636	4831
0	5531
564	5086
9	3861
0	3865
1394	0
138	2059
112	2059
70	45
632	0
2	0
58	0
4071	0
219	0
15	0
221	0
163	1123
5	1123
79	0
448	0
2	0
3	0
1079	0
16	835
22	835
0	769
0	769
0	761
1707	0
100	963
38	963
41	0
29	43
6	43
32	630
14	629
0	630
19	0
0	1
0	1
94	0
1	0
170	0
0	796
7	766
9	766
1	812
2	811
0	793
0	813
0	868
0	813
0	809
0	879
0	863
0	887
0	881
0	885
1	0
51	0
58	0
0	2008
0	1991
0	1892
0	1909
9	1886
92	0
0	629
20	763
71	809
0	609
222	0
5	0
1502	0
3769	0
592	0
0	209
18	209
115	0
5	444
6	423
14	437
1	436
10	447
0	452
65	99
0	99
16	48
1	69
46	69
36	0
170	3877
1340	3877
275	0
847	0
827	0
1163	0
1	0
22	0
608	0
250	0
279	0
52	0
20	0
994	39707
11085	39707
14	0
2	0
0	2121
43	2035
77	1799
6	1745
5425	0
117	0
1496	0
387	0
526	0
38	1717
5	1717
12	1717
0	1831
110	1764
13	1735
22	1811
7	1752
51	958
48	958
598	2225
12	2225
747	0
37	0
742	0
984	0
1673	0
32	752
26	752
1586	0
0	4706
1	4706
443	0
20	253
167	253
368	0
526	0
80	0
80	0
0	820
0	777
0	550
12	699
3	867
0	597
0	453
362	804
0	804
0	2100
48	2083
11	2004
14	2004
6	2030
0	2103
12	2068
6	2039
14	2042
0	2050
0	2053
57	2086
459	0
704	0
1	0
0	196
0	212
0	196
0	187
2519	0
941	0
3319	0
2401	0
2	932
0	911
5	960
2	947
0	974
0	949
5	699
0	0
0	0
1	0
0	0
0	0
7	0
5	0
2	200
0	213
0	213
6	191
0	177
1	177
2	174
1	174
5	0
534	0
672	0
212	0
2202	0
3	115
0	115
0	104
73	0
1017	0
430	2
177	6481
7	6481
3	6371
137	6372
189	5641
4	5641
873	5630
659	4026
0	6003
204	0
13	3796
25	3392
0	4053
11	3724
2	3723
12	0
6	1258
12	1316
141	1449
35	1391
153	0
1	0
244	8108
282	8108
61	0
1	309
21	309
1026	6
442	0
686	0
0	2001
7	1871
14	1544
68	299
0	299
7473	0
1	0
2477	0
1668	0
449	0
154	0
2737	693
932	0
474	0
337	0
163	3
1056	0
1438	0
9187	0
1631	0
75	0
4	0
1023	0
5	0
14	0
1	2025
15	1865
56	1879
1820	0
38	882
62	882
0	1011
49	967
27	936
43	979
44	974
118	10
22	0
1	0
7	0
0	0
0	0
0	0
443	0
0	0
1	933
72	933
1604	0
3758	0
951	0
5286	0
0	129
2	129
773	0
190	0
276	0
131	2695
8	2695
202	0
363	0
1822	0
220	129
24	129
194	0
22	884
45	884
0	191
0	187
0	122
0	1546
49	1426
12	1461
94	1495
47	1349
3081	0
48	1409
57	1409
0	1765
51	1583
0	1612
4	1625
1	1625
682	0
333	0
784	0
5408	0
0	93
12	93
0	4950
5	4932
7	5094
0	5114
0	5022
0	5186
0	1625
2	1506
0	1333
1744	0
388	0
89	0
14	385
0	385
73	0
29155	0
348	280
64	280
332	1100
0	1210
152	947
179	0
872	25
0	0
24	101
2	101
88	0
828	0
0	1534
13	1407
98	1444
108	1456
8	10775
14	10775
396	0
1393	0
40	0
1754	0
40	0
126	0
1	0
47	0
0	199
35	199
92	1049
132	1049
10	0
591	0
4	71
5	71
564	0
0	649
0	687
0	718
10	656
3	648
19	1440
642	1440
1156	0
106	4480
19	4480
1253	0
118	452
0	452
2082	0
31	815
5	815
10	815
1459	0
842	0
564	0
238	0
451	0
93	113
2135	0
318	0
422	0
0	0
7	0
131	0
2	0
1003	0
1813	0
627	0
619	0
15	385
165	385
709	0
404	0
224	0
2	181
99	181
1	530
0	530
592	0
508	0
579	0
836	0
580	0
78	0
1649	0
580	4095
16	4091
70	0
9679	0
4898	0
536	0
79	382
87	382
431	0
92	3410
6	3410
3306	0
2	10
0	10
2	0
5	0
72	0
224	0
11	0
12	0
30	1988
0	2122
100	2098
0	1680
625	0
48	0
656	0
1036	0
342	0
38	158
0	158
3	516
3	514
54	516
442	0
0	4590
0	4566
63	4471
67	4543
4	4543
38	4449
77	4507
312	583
0	583
14	0
0	55
0	49
1	46
0	39
0	41
70	0
4	0
1	0
19	0
0	0
3	0
7	0
1	0
5	0
1094	0
19	0
10	0
609	0
0	35
3	35
1	0
29	93
96	93
27	93
63	0
335	0
0	676
20	676
1909	0
27	518
316	518
657	0
60	1721
3	1721
7	1712
0	1023
39	1023
667	0
835	0
7	350
0	350
346	0
7	0
7	254
0	260
73	260
1	0
11	640
49	640
876	0
20	0
0	8
0	8
737	0
1184	0
1358	0
0	7028
152	6912
226	7003
41	6882
5709	0
494	0
1548	0
46	311
1	311
3	0
3555	6
54	0
49	2801
0	2801
286	2726
0	0
0	0
3	401
40	401
51	1763
365	1763
168	0
499	0
119	0
16	0
119	0
4242	6
815	0
55	50
0	50
92	2002
0	1755
33	2002
7	12
0	12
87	0
5807	0
0	475
174	475
0	467
0	467
799	0
59	3176
0	3599
40	3211
749	0
862	0
2516	0
98	0
116	542
0	542
678	0
1	0
729	0
40	542
928	542
646	3392
0	3392
0	566
98	566
65	0
15	0
637	0
504	0
11	305
2	305
1	0
681	0
9	0
326	1068
77	1068
299	0
23	0
683	0
239	0
1284	0
8	111
0	111
190	0
169	0
3388	0
0	251
2	248
28	242
1	239
0	242
3	236
0	254
0	245
7	243
4	220
0	227
0	230
2	234
64	1647
0	1690
39	1669
7	0
159	765
0	765
0	712
55	832
0	832
320	488
0	488
297	0
911	0
1	135
33	135
66	162
2	162
1368	0
83	1418
150	1418
2510	0
3544	0
90	1192
107	1192
0	1072
0	1096
15	1064
0	1076
0	1109
14	1017
0	1051
0	1055
0	1092
0	1039
0	1100
5	1039
33	1048
62	3748
42	3716
222	3748
599	0
315	0
412	0
604	1139
11	1139
727	0
33	0
1067	0
0	0
4	0
137	0
0	2999
106	2973
0	2992
0	3000
0	3033
0	2973
13	3003
0	3021
0	2984
0	2969
0	2987
0	2972
1	3009
0	3043
0	3011
0	3024
0	3007
0	2988
0	3024
0	2993
7	2973
7	2973
1	3020
5	2973
0	2993
0	2978
0	3011
0	2990
1	2989
1	2987
0	2988
5	3018
0	2970
0	2993
0	3005
0	3005
0	3002
0	2987
23	3027
0	3022
16	2946
0	2973
6	2970
0	3008
4	3022
0	2984
0	3014
744	0
0	194
10	194
13	0
11	677
87	677
17	55
2	55
4813	0
3	126
16	126
2	0
121	0
829	0
352	0
25	0
4	689
22	689
0	0
0	0
0	0
0	0
0	0
455	0
0	557
292	504
0	539
7	565
770	0
0	768
24	614
0	758
7	331
62	331
21367	0
15	243
16	243
1	0
142981	0
16	0
328	0
170	873
0	873
113	0
25	951
8	880
2	867
0	1047
51	1001
0	951
5	951
61	0
0	0
1645	0
267	0
49	691
34	691
2	539
90	0
0	773
220	773
85	0
154	0
0	3701
11	3445
30	3272
0	3302
217	0
180	0
0	0
156	4485
22	4718
0	4877
12	4448
196	4725
106	4292
1	4219
18	4393
730	0
1028	0
0	1321
14	1326
15	1326
0	1329
10	1295
156	0
123	395
302	395
188	0
1270	0
0	0
0	0
0	0
532	0
18563	0
69	502
0	502
326	0
61	0
0	0
3149	0
787	0
9	0
252	0
12	99
5	99
2943	0
576	0
0	0
1	0
939	0
101	0
80	0
144	1883
6	1883
783	0
1194	0
20	0
270	0
118	0
142	0
341	0
1	227
72	227
20	2619
13	2474
700	2618
502	0
1353	0
15	0
3	0
295	0
27	132
1	132
13	1199
263	1199
19	275
0	275
30	88
10	88
446	0
427	0
291	0
78	1976
158	1976
1	1862
700	0
42	0
1067	0
0	0
0	0
20858	0
55	0
291	0
14	917
47	917
1	312
2	312
16	0
991	0
7	507
66	507
332	0
743	0
1086	0
474	0
249	0
453	0
0	1407
0	1543
0	1411
5	1547
180	0
85	327
20	327
0	1133
73	1071
44	1124
24	1093
8	1086
57	0
0	873
373	873
229	1632
23	1632
10	656
0	662
50	666
7	680
5	681
0	663
190	1296
479	1296
286	0
2572	0
0	2030
15	1757
38	2138
399	0
141	5019
65	5019
12	4301
733	0
0	101
7	101
187	0
633	0
2451	0
55	0
696	0
50	2221
142	2221
0	5668
0	5833
354	5076
0	5359
56	164
31	164
39	1081
156	1081
437	0
4	2002
11	2002
0	2685
0	2404
71	1395
10	1395
18	1395
33	1395
19	0
10324	0
5	799
0	944
6	795
53	864
3	459
458	0
1	0
0	0
567	0
18	880
124	880
11	156
5	98
3	98
195	0
52	0
39	238
5	238
12	231
0	563
0	471
9	305
10	2310
14	2310
8	2309
168	2310
1469	0
2	1
0	1
3257	0
1315	0
2354	0
0	46
17	46
0	0
15	0
10117	0
4083	0
0	0
0	0
0	0
11	765
36	765
1	732
0	0
60	0
1347	0
9	0
467	322
32	586
0	266
85	0
16	317
6	317
468	0
100	0
724	0
0	8
0	8
0	8
0	8
71	0
4	507
56	481
37	482
42	507
2	0
282	0
1	986
0	1136
20	1114
6	977
0	1005
40	1063
35	1086
0	1056
4	1187
1302	0
471	568
86	568
664	0
3	80
28	80
168	0
2	1540
4	1799
0	1808
0	0
2	0
74	3657
96	3893
97	3641
81	3877
6	0
1008	0
29	1479
33	1433
5	1478
4995	0
2510	44
3052	0
6	0
5	552
50	552
880	0
1	2843
0	2828
42	2843
1723	2662
618	0
5624	0
643	0
878	0
20	0
1595	0
18	491
53	491
333	1620
0	1657
42	1609
18	1578
24	1435
12	1359
489	23
367	0
0	6040
0	6040
6	1906
43	1906
3	152
0	152
268	0
0	36
0	36
480	0
7	48
0	48
35	0
7	882
55	884
55	884
0	63
14	63
72	0
310	0
0	0
0	4817
7	4723
201	4628
49	4754
65	4684
72	4684
69	4620
33	4611
193	4656
81	4792
7	4811
30	4785
133	0
0	95
0	95
43	224
0	224
2046	0
2044	0
10928	0
520	0
955	0
0	2384
11	2272
115	2366
1750	0
0	0
23	1
31	3583
1	3583
0	3607
0	3553
93	3604
0	3665
0	3611
0	324
0	258
29	265
0	2778
0	2623
2	2944
3	2789
180	2696
302	0
6	920
212	920
0	1026
2	1320
5	1363
49	1106
6	1657
360	0
1014	0
16	0
3	234
0	234
1268	0
9	1007
4	956
4	932
0	1091
374	0
182	0
2990	0
10	0
341	975
0	975
48	0
0	412
1	412
560	562
182	562
8804	0
623	0
292	0
112	0
957	0
0	313
23	313
559	0
398	0
46	426
15	426
53	1263
113	1263
21	839
98	839
31	0
440	0
55	8841
0	9332
17	9115
1	9763
0	9775
0	9710
8	9867
0	10066
0	10000
0	10186
6	9838
0	10273
0	10207
0	9568
30	9424
0	10000
0	8910
0	8499
69	3453
48	2691
45	2685
277	0
4	21
0	21
0	0
35	0
5973	0
1746	0
1077	0
20	0
22	0
756	0
0	1014
4	1179
11	1179
5	1014
570	8203
32	8203
28	0
12	1140
0	1204
0	1184
0	1217
0	1197
70	1031
26	1031
4	1011
0	1011
13	0
20	0
3	0
30	487
0	487
68	0
177	0
0	1269
638	1269
614	0
4091	0
14	577
0	577
25	951
0	987
0	844
1	83
0	83
1315	0
0	2775
2	2940
0	2485
10	2336
0	2650
66	0
273	918
11	918
82	1814
0	1814
5	1639
4	518
60	518
132	2551
260	2382
3	3226
6	239
7	183
7	174
22	232
15	0
818	0
1015	0
421	0
581	0
249	902
25	907
3	907
1	1722
0	1987
4	1928
11	2124
26	2027
10	1958
0	2385
0	2657
39	2361
71	2551
157	2265
29	1665
7	1916
0	3054
24	2129
96	543
215	543
46	0
109	0
1749	0
9	1921
96	1921
359	1178
0	230
0	230
3	41
0	41
430	869
12	869
2323	1293
11	1293
550	0
415	0
1236	0
551	0
661	0
33	239
26	239
695	0
55	1097
79	1097
4204	0
0	719
248	719
0	6514
1044	6514
2	168
12	168
2605	0
1539	0
194	0
170	462
0	462
6	0
5	0
1293	16954
220	16954
415	16954
934	0
1078	0
8	0
236	0
557	0
334	0
21	815
0	815
0	644
934	0
942	3804
0	3804
0	3650
0	3701
0	2113
29	2086
0	2025
1	2074
4	2032
0	2032
114	2002
0	1975
6	2002
146	0
8	0
1004	0
25	0
0	4134
23	4112
19	4122
19	4137
27	4126
25	4117
4	4114
54	4112
192	131
15	131
171	0
158	0
48	0
501	29
884	0
34321	1
46	649
248	649
0	1170
2	982
6	1082
6	6965
8	6867
13	6797
1	6961
81	6729
0	6860
691	6458
3	6519
14	6708
67	6719
0	6732
1	6797
0	6497
1	6634
0	6739
27	6583
101	4483
599	1029
2	1029
19	382
54	382
31	1107
26	1107
12	346
4	352
7	304
174	1004
42	1004
5760	0
322	0
2506	0
0	0
2	0
2	326
0	326
199	3311
496	3311
0	3173
2	2952
153	0
1165	0
334	0
326	0
20	924
0	804
138	924
1941	0
298	3946
13	3951
66	3958
98	0
150	0
361	2256
0	2256
1406	0
23	0
20	0
89	1625
17	1625
7	1625
5	1624
0	1563
0	1563
143	1273
0	1273
17	402
117	402
11	0
1989	0
97	387
0	387
0	387
83	681
117	681
1271	0
53	0
587	0
550	0
751	0
213	0
0	1108
0	1141
39	1067
0	1137
1	1170
40	0
14	889
193	889
124	1642
101	1642
36	389
2	389
648	0
77	308
0	308
510	0
1629	0
1689	0
78	1688
24	1688
0	694
31	694
0	686
0	939
60	939
775	0
7	268
1	268
409	0
3591	0
0	422
0	507
0	486
0	580
2	577
120	0
826	0
0	0
50	668
0	668
387	0
125	0
12	0
1441	0
30	156
4	156
71	835
261	835
954	0
197	640
45	640
184	1930
18	1930
62	594
112	594
2876	0
1006	0
335	0
733	0
0	320
42	320
1770	0
163	0
229	0
720	0
2129	0
1121	0
3	0
59	0
2538	0
546	0
112	4288
1993	4288
17	0
9	0
33	216
12	216
2	376
6	346
1	349
6	373
44	0
13	0
1986	0
2370	1
23	442
12	447
25	458
60	481
0	488
0	380
936	0
473	1704
0	1704
119	371
266	371
0	0
1577	138
80	0
25	0
33	0
904	0
251	0
772	0
190	296
9	296
0	248
79	164
0	164
971	0
125	3332
0	3332
5	0
23	9
0	9
25	0
568	2
62	0
344	0
0	42
0	49
0	49
0	42
0	637
58	648
1	648
231	3262
436	3262
533	12
4	844
0	1131
17	1072
0	1100
0	3464
19	3348
80	3157
239	3423
41	280
81	280
738	0
17	0
4	0
289	1184
124	1184
38	1183
2	1183
539	0
3	0
1537	0
7	0
188	393
0	393
0	385
6	0
964	0
98	0
0	55
0	89
12	89
113	0
3	1062
28	1062
591	0
61	0
7	906
68	906
4	884
0	0
1037	0
54	0
2560	0
2063	0
11586	0
763	0
2197	0
209	1862
61	1864
3	1864
666	0
10	0
7	1053
129	1053
296	459
245	459
1	626
247	626
1	0
1	674
0	698
2	690
6	517
78	0
94	0
26	0
0	0
10302	0
959	0
22	0
150	642
164	642
572	0
3	0
1097	0
38	71
2	71
498	0
192	0
632	0
1525	0
360	0
29	1533
0	1843
15	1835
74	1837
11	73
14	73
2	137
97	137
18	2010
92	1999
276	2010
2	0
746	0
21	100
0	100
287	0
14	554
14	554
93	0
3	923
108	923
330	0
25	0
108	0
10	0
10	0
1431	0
262	0
133	0
0	1169
13	1145
0	1225
644	0
0	6240
0	6321
0	6449
0	6465
0	6462
0	6310
0	6342
33	6439
1	6297
0	6313
0	6394
356	0
67	0
3162	0
63	765
28	765
5	0
1035	0
52	0
168	0
149	0
38	7
256	0
1320	0
151	542
10	542
12	0
0	134
0	134
6	0
675	0
2257	0
29	0
1073	0
820	0
285	0
194	0
0	76
0	69
1	91
0	29
702	0
163	1102
0	1072
50	1022
0	26
0	26
0	123
23	123
0	179
2	177
13	177
657	0
109	0
156	0
607	0
18	5
0	5
0	3
3202	0
166	0
0	687
21	723
10	717
0	725
336	0
1	0
51	0
7	1113
74	1113
2	7
8	7
143	0
141	0
565	0
0	3437
2	3294
369	3390
13	30
0	30
68	2710
35	2710
35	2325
797	0
0	13329
16	13329
159	0
14	0
523	0
1024	0
1523	0
0	1592
9	1493
19	1496
27	1501
10	1490
11	1525
48	1525
24	1572
79	1540
0	1249
16	1249
1202	0
288	0
0	21750
326	21226
0	21756
0	22477
0	22471
28	20526
524	21566
102	0
9	0
37	1088
27	1088
1748	0
146	0
17	0
820	0
1	0
1008	0
1	67
0	67
539	2
225	1021
35	1021
536	0
3643	0
745	0
7	330
43	330
4574	0
1	963
38	963
99	0
141	0
27	387
39	357
47	363
1452	0
0	1916
56	3604
587	3587
4	0
7187	0
98	0
380	0
0	0
118365	0
2403	0
357	0
28	0
333	0
62	0
576	1424
90	1424
2820	5
88	0
122	0
74	247
0	247
24	0
0	23
0	4247
0	718
0	617
0	637
0	897
0	897
0	637
0	718
0	617
0	4247
0	23
34	1
42	0
7	0
30	0
1	17
0	2480
0	2972
0	2898
0	2888
0	2814
1701	0
994	0
560	0
12	225
173	225
61	0
11	0
0	595
3	603
0	594
18	569
0	586
991	0
2126	0
100	796
133	796
235	0
1482	0
580	0
39	0
327	0
0	0
214	65
7	19
530	0
0	0
3	0
107	310
10	310
6	816
47	816
10	272
308	272
0	647
0	804
0	747
12	719
386	0
9	0
131	271
296	271
0	225
39	225
20	0
35	1
0	24
0	24
0	23
0	2274
52	1954
20	1874
0	1941
27	2511
306	2208
10	2180
1218	0
9664	2
1	0
2799	0
344	5013
0	5414
16	5172
67	4819
708	4819
1097	0
409	0
451	0
464	0
3	1084
3	1098
6	1108
0	1184
26	1169
0	1252
0	1229
0	1273
12	1297
0	1341
21	152
11	152
0	1824
0	1905
3	1912
1	1913
6	1887
5	1905
2	1921
18	1932
8	1844
4	1916
3	1947
0	1938
2509	0
90	0
1	32
0	32
7	35
1	540
0	679
21	668
55	664
119	578
284	0
6	333
29	333
15	0
1347	0
1857	0
78	1050
63	1050
0	2458
10	2389
8	1739
4	32
31	32
341	0
151	134
6	134
469	0
1178	0
1245	0
3	0
5404	0
3	0
43	12
152	0
1536	0
172	12
103	0
0	109
49	109
1258	0
191	0
505	0
2051	0
0	0
1265	0
914	0
10	421
0	421
245	0
632	0
117	0
180	440
0	440
38	541
0	541
10	1144
91	1144
108	278
0	278
4	0
110	0
0	3338
4	3346
0	3443
16	3387
50	3109
233	3296
78	3405
168	3412
7	3340
3	3348
283	0
324	0
71	0
555	0
293	0
8	299
0	299
0	0
1282	0
2008	0
3407	0
15	140
33	140
646	0
1701	0
209	0
2	683
69	683
521	0
16	191
7	191
1069	0
167	0
149	0
420	0
136	0
229	0
3136	0
116	0
1	74
40	74
2400	0
413	0
73	0
227	0
11781	0
295	0
0	0
1	0
4	0
3	0
2	0
0	167
1	181
21	181
209	0
8	4
83	0
253	0
154	0
964	0
36	0
276	1663
16	1663
115	0
0	0
140	960
86	1237
53	1237
404	0
45	0
0	2123
0	2080
42	2120
0	2123
71	2106
2024	0
1	0
0	175
7	175
30	561
25	561
0	1852
2	1851
64	1852
3	1852
746	0
3	169
56	169
344	0
36	0
169	3430
63	3430
507	0
31	880
0	880
124	4961
0	5381
324	5320
174	4816
238	0
334	0
43	0
1	0
685	0
658	0
298	0
66	1334
222	1334
2100	0
1990	0
58	1010
147	1010
680	0
1191	156
41	0
647	0
1705	990
0	990
1044	0
769	0
77	0
0	2634
0	2808
0	2704
0	2913
3	2768
2	2614
0	2737
0	2518
63	2188
2	2980
557	0
438	0
33	1807
74	1807
108	0
2278	0
0	427
6	424
5	446
61	0
2301	0
565	0
692	0
8	7
0	7
313	0
1049	0
962	0
24	0
354	0
72	0
44	1065
7	1065
149	0
0	92
9	92
231	0
956	0
137	2
1	2
87	0
0	172
0	172
14	331
0	351
113	474
16	1278
261	1278
30	315
0	315
619	0
70	0
0	265
0	207
0	209
0	266
0	268
0	99
31	0
1929	0
32	54
14	54
0	38
3638	0
258	0
341	0
0	127
1	127
130	6027
194	6027
121	0
1022	0
236	0
84	4133
46	4127
0	4147
9	272
56	272
22	3208
1184	3208
659	1
8	0
174	0
279	0
324	642
19	642
103	0
191	0
35898	0
1633	0
763	0
187	0
20	0
473	0
281	6175
154	6175
701	1
0	48
5	48
4	4271
22	4020
51	4303
41	4170
0	4687
0	4387
55	4616
18	4372
9	4198
4	4012
219	0
644	0
0	1715
4	1526
11	1622
35	1613
96	1653
199	1683
52	0
977	0
4798	0
0	24
0	24
872	0
212	0
1535	0
152	0
881	0
5	94
1	94
184	0
291	0
1462	0
91	529
0	529
1353	0
642	1460
126	1460
375	0
279	0
180	0
6	304
0	304
4	732
49	732
65	0
1	390
11	390
325	1035
0	1035
4	0
99	2059
324	2059
1860	0
69	2383
0	2398
221	2347
655	0
490	0
2	730
143	730
3046	0
163	0
2940	0
42	109
1	109
363	0
535	3035
18	3035
27	2587
93	2587
0	0
0	586
113	586
619	2132
188	2132
56	0
9	267
2	285
0	307
17	278
28	914
36	914
1082	0
2058	0
1456	0
2855	0
194	371
5	371
1	371
3758	0
43	0
98	0
0	1854
0	1841
31	1819
12	1826
3	1797
2	1772
0	1758
1	1749
5	1732
20	1734
31	1780
0	1871
0	1858
9	0
1	0
1028	0
39	0
0	0
4	0
65	3213
85	3359
0	3368
1	3069
0	169
12	140
0	168
0	180
1	179
0	0
10	0
379	0
512	0
135	0
3	0
0	124
5	74
0	124
0	33
2	0
1	33
0	0
577	0
816	0
61	328
1	328
300	0
913	0
272	0
383	0
0	1010
0	1037
24	996
0	640
0	667
105	0
238	0
84	2450
0	2450
0	2243
7	2246
294	2246
158	304
84	304
26	50
0	50
2	373
0	654
1	652
14	653
1366	0
857	0
0	3
0	3
136	0
1	157
0	160
4	152
0	143
477	0
81	0
4	0
1191	0
2773	0
1	0
9	0
1459	0
1811	0
257	803
0	803
775	0
0	0
0	0
0	6
0	6
531	0
398	0
19	1181
0	1218
32	1205
2273	0
1083	0
3	0
3	0
1551	0
15	0
13	1053
100	1053
613	0
9	822
0	1086
6	979
0	886
9	0
82	0
229	0
89	7474
24	7420
3	6271
65	0
22	485
0	490
7	477
0	231
0	213
4	214
249	1654
90	1654
23	0
82	2615
67	2502
180	2572
49	2459
0	1637
0	1585
0	1614
0	1666
31	0
0	1841
23	1794
0	1784
37	1834
19	1836
0	373
332	373
164	0
99	0
1	380
92	380
0	3061
1	2854
4	2887
23	2986
17	2707
623	0
108	135
0	135
955	0
253	739
0	739
1405	0
217	4580
12	4580
747	0
3	1393
0	1408
4	1318
12	1103
1	0
3	0
22259	0
112	0
181	0
574	0
580	0
169	326
61	326
0	1002
68	1002
0	918
10	1570
96	1565
5	59342
36	59160
0	59347
162	1278
193	0
168	0
0	86
0	86
201	0
0	2157
84	2157
951	0
169	0
440	1467
1	1467
882	0
336	0
3	196
16	136
33	174
3	4596
58	4692
0	4740
169	5027
176	5154
1087	2781
1096	2781
7	0
1955	0
0	1357
44	1357
296	0
0	1140
0	1006
0	1231
0	1425
52	1082
51	1032
0	1483
0	1289
10	0
66	0
1462	0
88	0
76	0
1086	0
0	0
14127	0
438	0
28	0
3558	0
339	0
6	20
0	20
42	0
17	336
49	336
0	685
0	605
0	673
0	750
12	722
56	668
0	745
54	741
740	0
1	0
15	0
1	1927
40	2115
28	2098
0	2193
279	2177
0	1950
37	2028
52	158
4	158
4	55
0	55
1	0
2	0
54	159
34	159
11	0
77	0
230	0
0	5801
178	5685
45	5731
91	1175
152	1175
35	228
21	228
1	0
66	0
34	71
0	71
0	64
185	0
0	2392
3	2427
0	2279
0	2317
64	2319
2	2368
1	118
12	118
82	335
4	335
6	293
59	293
1	412
33	412
1	410
0	0
0	0
155	1
1	147
67	147
401	0
317	0
0	803
23	959
0	1080
205	2140
54	2140
3223	0
4800	0
651	0
93	3687
338	3687
0	2070
41	2070
88	1987
65	1987
76	1276
4	1276
31	0
0	0
27	57
6	26
8	26
2701	0
1962	0
336	0
5202	0
6	290
0	518
21	476
205	0
94	2958
138	2958
799	0
0	5455
0	5378
0	4846
0	4923
23	1728
122	1728
374	0
13	0
2155	0
626	0
298	0
3	0
4659	0
1265	0
431	0
601	0
269	0
196	0
0	0
409	0
142	0
49	0
77	0
8540	0
12	151
0	151
23	0
453	0
116	0
4	36
0	34
0	37
1	36
0	37
83	271
26	273
32	271
937	0
278	0
23	0
282	0
0	107
0	107
0	668
49	668
158	691
1	691
439	2377
250	2377
733	0
961	0
859	0
264	0
1018	0
14	319
0	319
266	0
4427	0
0	112
0	112
0	1565
0	1571
11	1672
0	1464
502	0
1	175
41	175
845	0
237	0
237	0
147	0
1	0
375	0
198	0
0	462
16	428
7	427
3398	0
565	0
6129	0
328	0
3	283
0	283
45	0
0	0
437	0
3319	0
7	0
653	0
41	0
6	753
31	753
4835	0
1077	5
283	0
583	0
340	0
595	0
3	804
53	871
0	861
4407	0
2590	0
309	0
0	2225
523	2225
512	0
53	6653
302	6653
0	572
26	559
4	306
4	0
86	0
3	0
453	0
379	0
3	0
0	0
19	125
1	125
1865	0
12	0
0	0
0	0
251	0
1	12
0	1314
435	1302
23	410
5	410
43	0
0	67
1	59
0	55
569	0
148	0
1163	0
15	22
0	22
464	0
1	191
0	191
1	191
17	191
14	1749
197	1749
0	732
8	656
1	635
202	0
52	0
195	489
0	489
108	0
3	0
87	0
0	6033
0	6382
94	5593
1375	0
1	0
13	94
0	94
1	0
2766	0
0	22
0	22
643	0
52	0
3257	0
0	1504
1	1136
93	1417
28	1369
31	0
9694	0
815	76
1847	0
286	0
246	0
1597	0
721	0
0	62
8	62
0	879
0	931
67	846
4380	0
203	0
0	2218
154	2218
209	0
2	234
0	272
0	179
452	0
8	0
725	0
332	0
0	0
83	301
4	301
18	0
1	0
0	19
0	19
0	473
64	439
0	457
22	54
79	54
287	0
138	0
1323	0
219	0
1	8
0	8
452	0
0	305
0	293
0	307
3	61
0	13
2	13
19409	0
120	0
75	557
10	557
68	134
1	48
47	170
3	170
173	0
0	6
0	6
7	0
617	0
129	0
8	0
0	0
755	0
846	0
17	0
17	2578
20	2813
105	2828
0	3148
192	0
142	0
7526	0
23	0
161	0
1	310
29	310
7	466
10	466
1318	0
1047	0
764	0
2	0
18	0
46	0
5669	0
5	0
1845	0
19	1303
0	1335
0	1165
4683	0
8	5794
4	5808
0	5761
1	433
6	433
55	0
596	0
350	2605
105	2605
0	1833
41	1787
62	1773
451	0
0	2111
10	1982
47	1992
75	2038
1459	0
1734	0
11	765
52	765
339	0
61	351
1	351
0	0
1260	0
6685	0
574	0
101	0
15	230
0	230
686	6090
0	7598
0	7598
1345	0
578	0
36	911
19	911
345	0
123	0
121	84
24	84
0	272
3	272
61	272
2860	0
174	0
24	268
0	268
1440	0
348	0
237	0
182	0
945	0
1	0
1	0
0	100
53	100
0	3026
3	2477
217	2999
62	2200
0	0
203	0
52	0
0	0
0	0
407	0
437	0
109	552
0	552
174	0
6	0
797	0
0	12
0	12
1094	0
120	0
0	0
0	0
37	0
500	0
427	0
2	230
0	230
204	637
0	637
309	5
104	0
1	951
0	995
0	948
7	992
5	1012
43	1056
0	931
3	80
0	86
2	79
865	0
51	1603
3	1603
72	1543
128	570
17	570
146	729
0	729
0	3652
0	3465
0	3432
0	3492
0	3618
0	3591
56	3599
0	3526
62	3516
9	3610
38	984
10	984
411	1456
16	1456
712	0
205	0
52	172
17	172
6	632
36	632
0	642
0	500
1	636
33	639
42	6428
0	6761
32	6471
67	6497
2840	0
197	0
13	0
6460	0
1520	0
174	1614
0	1614
570	0
41	0
0	0
2	0
5181	82
2398	0
10	354
0	354
0	769
0	774
0	825
0	820
17	826
5	806
34	1000
63	1000
523	0
707	0
0	105
1329	0
299	0
0	0
0	79
0	79
43	411
24	411
7	551
0	551
3027	0
24	1834
214	1834
7951	0
177	0
2413	62
19	0
392	0
98	0
0	238
51	238
39	0
118	0
1489	0
22	2520
23	3562
3	3736
4	556
0	618
41	556
2	448
1361	0
277	0
63	237
0	237
6	0
2	1240
26	1240
21	1240
2	1326
39	1326
47	815
81	815
87	815
185	0
13	160
0	160
4	0
267	0
97	1154
18	1154
128	0
12	351
1	351
0	277
3	325
10	101
11	101
98	561
8	561
0	59
0	60
0	57
0	1278
72	1267
3	1209
612	0
35	954
109	954
189	0
624	0
138	0
334	0
19	0
0	0
117	0
0	2660
340	2688
31	2688
4102	0
0	324
2	324
10306	0
9	0
98	3621
8	3621
6	3245
0	3111
0	0
1	0
2	0
756	0
0	6034
0	5889
18	5716
0	5946
0	5769
5	5971
0	6138
0	5977
0	6244
0	6045
0	6226
1507	0
37	181
50	181
20	1039
82	1039
3	1541
144	1541
225	0
693	2
0	89
50	89
1286	897
0	722
47	897
68	897
4	897
420	0
201	0
1071	0
0	298
11	363
0	386
4	375
0	313
9	1932
0	2386
0	2377
0	2425
152	0
20	1394
0	1496
27	1480
236	0
3	287
21	287
1	126
11	126
0	0
4	0
0	0
1109	0
1	142
0	142
331	0
3	378
12	378
0	337
0	0
16	345
25	345
0	0
1143	0
0	0
31	74
0	74
67	0
962	0
137	0
156	0
724	0
0	424
18	424
4	0
858	0
35	0
602	0
1556	0
35	0
0	840
56	840
1	0
301	0
5	0
6633	0
1558	0
7	12
14	12
67	0
8464	0
67	1094
0	1437
0	1395
8	1398
0	1311
7	399
0	399
2	25
56	25
0	3
2	3
2	0
137	0
562	0
54	1069
26	1096
6	1097
1	1158
103	1121
854	0
5955	0
5	303
0	303
33	141
2	141
0	144
7	144
36	0
253	0
486	0
590	0
240	0
20	150
1	150
12	88
1	88
7381	0
23	528
15	528
0	0
27	490
116	490
19	480
0	521
51	480
170	814
8	814
115	0
1	134
6	134
0	134
92	0
1137	0
204	0
46	838
2	838
209	0
494	0
0	946
0	965
0	1025
0	989
0	931
0	950
0	1010
0	974
375	0
29	0
106	0
86	141
1791	141
0	0
184	0
76	0
0	16
5	16
3	0
23	0
971	0
452	0
989	0
371	2399
5	2436
178	2484
298	318
0	318
834	0
0	0
334	0
425	0
90	0
925	6
0	16640
127	16600
67	16567
3617	0
90	1901
259	1901
1053	0
3	686
0	686
9	710
32	705
0	710
0	627
362	640
5	0
378	0
0	384
6	359
23	367
0	108
10	108
0	206
5	74
0	159
2	0
579	0
13	0
16	492
85	492
1	0
298	0
1	0
0	1584
79	1555
135	1259
195	0
0	2341
1088	2341
860	0
1732	0
99	0
286	0
27	0
29	0
11126	0
969	0
0	7
0	4
7	7
6	0
27	1045
0	1160
36	1157
373	1728
0	1728
3	3681
33	3681
6	104
13	104
0	423
2	423
351	0
215	0
264	0
334	0
0	24
0	24
862	0
7	0
771	0
624	0
118	1763
0	1653
6	1679
0	1700
151	3581
0	3581
0	0
22	0
13	0
41	0
221	0
3490	0
0	557
590	557
234	0
427	3935
44	3897
370	0
7	3693
28	3693
577	3570
400	3852
3	4175
19	4277
33	3693
1128	0
3449	0
0	542
0	554
6	564
0	539
0	552
0	535
1	542
0	561
0	546
0	544
0	553
0	493
0	502
116	0
104	0
543	0
20	275
88	275
3	360
46	533
27	757
199	0
116	0
30	151
38	151
16454	0
802	0
1013	2
80	182
0	182
22	1148
105	1148
4282	0
103	0
486	0
8	0
636	0
12500	0
67	1265
194	1265
54	0
0	0
574	0
846	0
190	0
0	0
1	0
120	0
0	985
53	976
0	928
0	979
0	924
0	958
0	879
25	0
146	0
175	0
6	0
6	0
0	0
9	0
5	0
453	0
624	0
2	739
0	1014
21	919
0	876
81	1192
11	872
91	1194
19	1216
89	0
18	1988
0	2139
143	1969
339	0
0	166
4	175
2	149
13	399
71	399
74	1117
106	1126
0	1150
5253	0
4588	0
24	4490
285	4490
30	0
19	0
586	0
2	0
8	0
0	788
279	788
489	0
0	1721
17	1696
61	1721
331	1721
70	1585
0	1507
190	1585
525	0
62	0
42	667
1	632
32	628
5	663
69	425
4095	0
1090	0
0	6
2	6
3009	0
50	0
6	33
28	33
459	0
18	115
3	115
1851	0
173	937
160	938
4	938
0	835
0	785
13	728
0	899
0	849
9	0
1422	0
495	0
15	0
286	0
33	0
3	0
0	2116
632	2116
1635	0
940	0
13	942
15	942
525	0
61	59
13	1359
5	1359
25	1359
213	0
0	1315
33	1289
52	1261
61	1227
0	1212
182	0
791	0
392	1438
69	1438
5	0
260	0
12	250
10	250
0	250
300	0
0	523
10	523
0	523
36	523
0	589
51	506
1386	0
217	0
659	0
457	0
0	200
26	200
0	0
0	0
0	31
3	31
10	0
12	2747
41	2664
77	2861
0	1309
0	1401
1	1006
4	989
3	1419
13	1511
195	1265
2090	0
1749	0
69	0
1	0
0	2586
14	2831
9	2831
22	0
15	0
0	0
22	0
20	0
46	754
3	754
1	67
0	70
0	67
7	69
483	0
443	0
35	331
15	331
783	0
0	217
46	217
0	192
579	0
473	0
318	0
266	0
0	4356
109	3939
107	3785
27	3785
1	0
0	163
17	162
3	143
0	38
1	38
0	38
17	20
134	20
38	0
818	0
2	0
0	0
1	52
3	52
0	333
1	415
6	415
3	388
2	0
0	1327
24	1188
4	1251
29	91
112	91
51	0
76	144
904	144
0	18
0	18
2	12
2	67
7	67
714	0
4	444
48	444
595	0
1047	3510
0	3168
87	3510
0	346
38	346
8	724
5	724
23	724
98	606
0	606
25	0
81	387
18	387
2719	0
292	0
21	236
0	236
4	0
0	576
9	576
39	0
83	0
55	39
61	39
5710	0
36	0
43	840
6	840
325	401
0	143
0	143
0	319
1	353
32	301
8	244
0	116
1	153
108	117
134	322
4	322
296	884
96	884
1	0
30	101
0	101
610	0
15	1212
56	1212
1036	96
104	834
11	764
41	790
1	722
58	0
0	0
553	0
3	1156
18	1156
3722	0
129	0
122	0
0	584
5	584
171	0
1210	0
9	214
82	214
1426	0
1456	0
2368	0
641	0
717	0
1824	0
2	502
300	502
30	0
2751	0
77	0
145	1597
20	1220
112	1458
5	1735
448	0
7	744
156	744
32	0
496	0
2	0
3	0
30	0
12	908
0	925
38	911
2	947
90	947
30	908
78	705
3	704
1	705
1	0
38	0
753	0
0	3009
1	3053
0	3174
0	2888
2	544
48	544
64	1061
14	1061
22	170
0	170
1061	0
5	0
0	0
0	33
0	28
0	33
23	298
60	298
108	0
412	0
1717	0
575	0
285	0
68	0
5	0
16	3142
113	3222
4	3222
1355	0
10	0
1563	0
225	0
153	1579
3	1579
238	0
242	0
9	0
1001	0
2	0
53	444
0	444
8	653
10	653
8	645
0	691
118	569
0	583
12	645
23	569
0	301
0	335
11	309
3	319
3	349
400	0
371	0
11	187
1	187
85	0
98	0
739	0
652	0
1522	0
995	0
1434	0
1345	0
81	0
740	0
833	0
17	336
7	336
72	1128
46	1423
10	1287
32	80
0	80
0	80
14	0
491	0
55	0
27	116
32	116
4988	38
3162	38
1196	0
0	11701
547	11229
91	472
731	0
649	0
299	544
0	521
0	544
14	464
482	0
0	842
43	842
20	0
0	0
0	4
0	4
1	0
0	0
1	0
0	7
0	7
0	0
804	0
294	1404
16	1404
330	3092
265	3092
202	0
2944	0
535	0
2193	0
7863	0
54	0
5335	0
4	0
24	0
936	3358
166	3358
0	1388
0	1505
0	1530
1	1647
4	1173
0	0
6	0
8	301
87	301
459	277
12	277
540	0
750	0
16	175
0	177
0	177
914	0
4751	0
0	98
20	98
5	98
60	888
0	888
6	2115
6	2110
7	2114
75	2288
0	2419
0	2095
0	928
75	928
0	830
80	451
0	477
21	410
14	356
1615	0
236	4103
52	3042
0	3193
871	0
1	0
58	0
10	443
64	443
0	1253
61	672
0	906
819	0
82	763
0	763
612	0
7	1019
0	1356
15	1344
41	395
0	395
946	0
18	0
16	0
212	0
958	0
4477	0
1	71
6	71
46	0
323	0
447	1
1262	0
15	2336
74	2336
21	0
14	0
0	12
14	0
8	0
0	12
1787	0
45	59
3	59
461	858
13	858
15	0
0	2066
31	2114
28	2033
11	2106
10	2063
119	2112
6	1975
3	2016
5	1966
4	2012
2	1922
770	0
447	1661
27	1661
25	524
4	427
1	427
97	524
6	156
0	142
5	156
9	149
2265	0
1987	0
9726	0
1071	0
645	0
542	0
0	1699
0	1733
12	1523
0	1779
47	1782
192	0
884	0
4683	0
33	15189
409	15201
0	15720
418	15093
0	13761
282	0
15	0
3293	0
1	525
50	705
2	314
3	494
10	0
2369	0
21	0
60	0
1102	0
331	0
29	0
960	0
351	359
97	359
4	449
101	449
300	0
13	833
36	833
0	781
0	793
0	798
0	810
4	733
473	0
0	198
54	198
492	0
17	700
139	700
0	503
0	502
0	1482
107	1473
0	1389
0	1236
315	965
2	965
17	0
58	0
1215	0
0	243
72	243
132	0
0	22
0	22
133	0
7	303
6	303
0	221
13	221
3	221
2	7838
302	7187
101	6691
9	164
0	164
5	58
0	58
1486	0
215	0
2	0
133	3176
298	3176
483	0
925	0
0	0
47	0
470	0
44	0
12	0
0	0
0	0
0	0
161	306
0	306
24	778
4	897
71	875
8	0
3	0
47	0
95	939
0	939
68	384
0	384
180	376
0	376
25	93
0	93
377	0
12808	0
502	0
15	414
135	414
2928	0
7147	0
319	55
2481	0
2222	0
45	2534
31	2534
9	908
20	908
3	43
0	43
0	3391
664	3391
333	0
607	4578
50	4578
0	0
29	33
0	33
3271	0
0	604
64	604
830	12
4171	0
57	0
116	534
2	534
81	0
14	161
80	161
0	44
14	44
0	44
1	0
841	0
588	0
2	538
0	540
3	538
0	400
26	433
253	0
69	0
1844	0
1293	0
465	0
6	202
10	202
11	190
5	201
2	138
0	215
11	1102
121	1102
1050	0
0	479
124	479
4882	0
1947	0
7204	0
14	0
73	0
178	0
2292	0
301	0
0	68
15	68
871	0
9	81
0	81
10	240
123	240
2956	0
1857	0
644	0
186	0
697	0
1	830
0	833
9	834
1	832
7	828
0	842
300	0
23	0
486	0
848	0
440	0
123	0
785	3
418	0
83	0
5	0
236	0
4151	0
29	0
144	588
2	588
0	588
63	483
63	483
9	0
0	733
0	749
6	544
1	544
3	0
144	0
0	122
1	128
8	128
0	96
21	1689
44	1919
20	1921
0	1935
5	1874
2	1906
6	1846
11	1891
12	1897
0	1938
0	1866
10	1902
8	1877
25	1998
0	1936
2	1372
689	0
3	0
0	803
29	803
1927	0
43	441
56	441
113	0
5127	0
414	0
13	0
206	0
101	0
109	0
80	0
30	0
0	1629
1	1659
0	1750
313	1703
9	1467
72	1483
138	1434
1828	0
5	0
142	0
1	509
65	509
3	0
2758	0
274	0
352	2912
0	3210
0	3320
0	2968
1	3041
0	3318
3	3077
1	2827
1	2636
0	3205
19	3414
58	3400
0	3389
0	3499
0	3497
0	3384
0	3247
0	3357
24	2800
110	0
176	0
22	0
101	0
131	0
45	0
2	0
1626	0
0	945
0	928
0	867
152	0
125	544
27	544
0	0
16	0
259	4614
192	4614
82	0
3	0
639	0
119	6670
16	6679
27	6144
0	6778
184	6686
77	6472
118	6598
2	5858
0	6699
1	5517
318	0
3300	898
24	898
1358	0
117	3338
39	3338
13	0
49	0
48	7
1	7
12	0
189	0
24	0
173	0
7	0
671	0
7	1260
0	1260
0	1232
0	1259
7	0
113	4146
416	4134
601	3904
5	694
14	694
47	331
1	331
5	331
2	438
7	441
0	451
0	1670
0	1769
9	1278
917	0
634	0
0	1301
13	1262
9	1286
4	1276
0	1275
216	0
24	2358
7	2592
0	2882
2	98
12	98
0	91
435	0
83	1194
0	1200
0	1161
56	1107
0	1103
243	0
75	1340
6	1337
72	1340
1296	0
1	0
17	52
0	44
1	52
1	52
125	251
7	251
0	1960
0	2079
0	2237
10	916
877	0
3	2294
3	2305
2	2289
3	2283
0	2276
2	2281
7	2285
1	2299
0	2268
1	2268
12	2297
0	2270
0	2319
876	0
322	0
15	791
0	791
0	736
910	0
736	0
93	0
421	0
0	0
684	0
17	2263
0	2263
136	1116
17	1116
151	0
0	78
0	98
0	98
0	77
0	0
0	0
0	0
1	1348
86	1348
152	0
986	0
8	6
4	6
365	1021
5	1021
193	0
778	0
17	1158
38	1080
42	1028
52	1304
70	1289
0	1038
184	0
0	0
3	0
18	0
1109	0
2	131
8	131
247	0
4	230
0	230
18	0
49	182
108	0
3	2547
49	2547
904	0
39	0
633	0
386	0
1088	0
723	0
315	1584
127	1584
15	170
13	170
51	136
0	125
103	136
116	449
101	449
5	127
0	127
0	4647
50	4484
39	4161
4	3518
0	1277
111	1186
2	1217
47	1187
45	164
21	164
607	0
353	431
26807	0
0	0
17	2
222	0
0	1451
0	1451
0	36
1	36
567	0
197	1747
0	1747
110	1741
115	1733
38	0
13	1004
88	1004
2	998
1	1019
0	1063
5	1023
2	0
263	0
689	0
1335	0
398	0
1045	92
603	0
1171	0
26	18
0	18
276	0
138	0
608	0
0	1149
40	1153
9	1153
12	0
1653	0
699	0
86	0
0	74
7	74
548	0
18	637
58	637
29	0
1	373
10	478
0	579
48	545
0	521
4	0
0	1112
122	1089
0	1048
19067	0
111	0
169	0
477	0
1070	0
72	0
1184	0
160	0
19	809
129	809
12424	0
2828	0
108	0
306	0
149	0
798	0
1	1633
0	1759
54	1634
0	1540
343	0
73	1832
541	1832
3	0
18	999
0	1014
0	1047
1	0
98	0
7210	0
0	459
21	459
535	0
1734	0
1	509
7	505
5	511
941	0
154	407
0	407
981	0
101	2172
0	2308
3	2261
2306	0
15	0
0	0
2	0
1	0
0	0
7	0
8	0
3267	0
121	653
83	653
832	0
30	237
18	237
37	1630
25	1630
405	1596
314	0
16	221
17	221
6	0
7	659
63	659
730	0
0	226
265	226
65	1527
3	1527
393	0
136	0
35	2722
6	2599
7	2577
19	2681
9	2695
12	2654
0	241
15	241
0	1180
54	928
57	1067
2	1067
21	1067
92	0
1309	0
101	3019
0	3019
108	261
147	261
862	0
0	0
495	0
47	11674
854	12232
2553	7269
4428	0
81	0
2	0
0	1762
0	1757
0	1756
9	1733
0	1736
6	1683
2	1691
0	1731
4	1410
8	1534
2	1538
12	1666
41	1560
22	1570
0	1730
17	1683
10	1683
21	0
34	10113
0	16273
580	15869
0	33
0	33
386	0
61	0
3236	44
6	0
137	0
753	0
1	0
1	0
153	326
0	326
0	2546
10	2465
7	2483
331	0
592	0
380	0
35	0
237	2610
642	2610
509	0
2138	0
63	2115
65	2121
60	2121
3	2115
2112	0
28049	0
317	0
11680	0
20083	0
394	0
7	123
5	123
1376	0
13	2098
86	2097
1	2112
1	1907
0	1907
26	2101
0	2189
51	2170
0	1907
9	1972
9	1987
260	0
2406	0
64	183
0	183
30	273
99	359
4	359
24	3019
174	3019
2707	0
3884	0
13	0
347	0
1879	0
1791	0
30	129
3	129
23	419
7	419
41	286
51	286
9	0
17	0
130	730
1	730
0	0
1299	0
449	0
79	316
8	316
183	0
1389	0
2831	0
521	0
395	0
0	473
14	472
536	473
441	45
68	8723
170	8955
20	8825
10	8593
22	8794
0	8565
4	8797
30	8661
26	8885
16	8588
19	8821
1	8721
0	8979
16	8543
2	8901
22	8112
114	9098
7	7800
72	8744
1	8836
19	8591
1992	0
0	0
107	0
1233	3301
0	3301
3	259
23	260
0	260
6	6250
0	6211
0	6180
18	6108
0	6202
0	6211
0	6183
0	6239
0	6208
0	6207
0	6176
0	6204
0	6185
39	6205
27	531
72	531
63	0
270	0
392	0
0	1392
0	1404
3	1451
0	1391
3	1429
0	1366
49	1128
0	1658
0	1609
10	1668
2	1127
163	0
792	0
445	0
81	619
28	619
769	0
663	0
582	0
0	1180
64	1185
14	1185
1345	0
89	48
59	48
34	0
14586	0
198	0
82	284
0	284
4821	0
4	0
93	0
354	0
1177	0
8	0
9	0
90	218
0	218
21	380
11	380
4	373
118	0
0	25
4	25
593	0
6	0
0	0
2	0
0	0
1	0
0	0
0	0
1	0
22	0
2	0
5	0
17	4942
0	4962
39	5054
65	4821
0	4969
0	5059
0	5169
0	0
1114	0
419	0
885	0
13	0
0	2234
209	1700
71	2099
0	2060
91	2042
50	142
0	142
46	0
2	743
215	758
0	758
478	0
3	250
60	250
3	118
22	118
861	0
327	0
2414	0
489	0
0	4
1	1
0	4
69	0
3	6
0	6
1	13
1	13
306	0
7	3580
0	3842
25	3768
31	3403
13	3401
1591	0
0	872
2	843
16	845
13	842
0	905
0	54
7	75
0	84
3	2670
79	2674
0	2490
126	0
280	1623
17	1623
9	66
82	66
1187	0
26	228
15	228
19	95
0	34
0	95
328	0
4219	0
981	0
132	0
876	0
1	93
0	93
34	432
383	432
199	0
19	209
0	209
4786	0
13	0
8	0
0	42
0	46
0	42
0	46
10	0
15	1328
204	1237
221	1343
45	811
27	811
79	353
11	353
20	2030
600	2030
4	294
66	294
4236	0
0	554
46	554
17	37
0	37
54	0
107	0
687	0
37	0
381	0
1786	0
51	1799
555	1799
55	4002
493	4501
190	4851
56	4851
0	4720
183	4851
94	4263
4796	0
142	490
0	490
1019	0
2205	0
480	0
1213	0
236	0
0	0
1	0
1	0
0	0
1	0
0	0
1	0
1	0
1	0
0	0
6	0
72	0
2363	0
78	0
42	0
1623	0
0	0
0	2
2	2
27	430
180	430
79	0
870	0
637	0
1843	0
7	725
6	725
0	745
2	683
1603	0
34	73
18	73
0	75
0	52
0	64
118	0
522	0
4270	0
14	0
686	0
4	287
25	275
0	370
0	261
1499	0
458	0
79	0
3555	0
202	0
3	0
7	0
0	383
1	383
0	189
0	189
4	172
277	0
419	0
42	621
32	537
0	626
3932	0
668	0
1181	0
1084	0
1	109
27	109
188	0
2	110
30	110
253	650
0	650
541	0
0	1298
16	1290
4	1218
3	1180
22	221
12	221
0	1238
0	1138
1	1183
11	1254
9	1334
1431	0
0	5821
0	5814
23	6517
11	6510
12	6446
0	5754
888	5220
146	0
207	0
660	0
1382	0
121	0
155	0
266	309
0	309
32	406
0	406
221	0
4454	0
11620	0
264	0
0	1372
31	1081
48	1328
11	1334
60	1328
0	1252
0	1372
0	1252
0	3
1	3
0	3
1	0
0	0
126	614
0	614
3	2029
61	2029
11	1106
0	991
5	1043
20	1067
0	1132
5171	0
235	0
86	0
60	1293
49	1293
60	377
5	549
71	549
1	501
0	377
0	511
18	501
75	0
109	0
19	0
282	1938
24	1938
1	1938
583	0
7	0
251	0
176	0
257	0
2	163
2	129
27	161
400	0
17	43
0	43
81	0
36	0
141	0
0	116
0	129
4	129
45	0
1965	0
46	0
7	0
24	0
16	3400
0	3915
37	3671
754	0
1366	0
2067	0
68	134
1	134
7	381
35	395
0	471
47	468
1	0
0	10714
347	10714
3802	0
258	0
0	4493
39	4444
5	4420
26	4386
2	4382
43	0
0	168
0	174
17	174
19	0
668	6
49	0
0	237
0	237
5	237
80	0
144	1188
11	1188
60	750
2	750
388	0
16	91
0	91
0	0
1	0
14	584
86	584
971	0
0	867
12	867
389	0
9	214
0	194
4	214
74	0
438	0
88	496
4	496
762	0
174	0
31	264
2	264
1087	0
1547	0
23	690
0	690
0	0
200	0
4912	0
3123	0
1	1376
251	1881
0	2020
255	1776
12	0
262	0
112	0
908	0
12	0
0	4568
401	4568
28	0
244	0
152	0
10	318
99	318
0	15
0	15
30	1159
301	1159
205	0
965	0
121	266
0	266
431	0
334	0
2315	0
1	389
9	356
0	371
0	381
4	394
0	394
137	0
208	0
4785	0
2590	0
56	794
52	794
3337	0
447	0
0	0
33	941
38	941
193	0
0	0
2737	0
1	292
0	292
0	0
0	0
0	0
558	0
8	0
0	0
0	0
26	0
936	0
0	0
0	0
0	0
0	0
294	0
128	0
0	23
0	23
35	19445
1008	19445
203	0
29	98
2	98
484	0
191	0
1	3784
0	4110
0	4200
0	4206
0	4114
0	4202
27	3823
1	3686
13	3262
36	0
2976	0
295	0
66	465
1	465
836	0
53	0
775	0
273	0
45	319
8	319
354	0
1793	0
3308	0
74	0
7062	0
62	1169
10	1169
11	355
24	355
415	0
0	2924
0	2986
0	3276
0	3338
0	3322
0	3384
53	3113
0	3369
143	0
1387	0
2172	20
433	0
0	2840
62	2840
2756	0
16	640
17	632
164	640
15471	0
3675	0
0	5886
167	5426
123	5499
10	4599
57	5493
3	211
23	211
32	0
76	0
617	0
1421	0
170	498
42	495
847	0
95	0
11207	0
107	695
3	695
191	0
441	0
0	0
0	0
224	0
589	0
204	0
117	0
1931	0
282	0
2355	0
437	0
344	0
913	0
1	0
5	0
58	1529
0	1375
58	1529
325	1273
13	1273
13	0
26	0
442	0
163	1346
0	1346
3194	0
101	0
155	0
696	0
0	201
15	201
52	0
21	0
76	1194
25	1194
1	2923
0	2779
2	2955
0	2811
999	0
8280	0
335	0
8	0
363	0
1230	0
43	0
28	73
0	73
3	1071
0	1097
21	1024
13	1056
1	115
1	106
3	103
7	94
481	0
611	0
48	0
11	362
0	362
116	0
13	0
162	0
38	0
202	4
179	610
35	610
286	0
343	227
3575	227
14144	0
0	2295
0	2272
2	2295
0	2293
35	2160
16	2151
0	2194
0	2154
0	2181
1	2154
0	2181
0	2158
0	2192
0	2179
6	2171
4	2239
0	2174
0	2204
0	2201
2	2177
0	2212
0	2172
0	2201
1	2172
0	2313
1	2290
0	2222
0	2199
0	2238
0	2150
0	2145
0	2101
0	2078
0	2137
0	2114
0	2035
0	2030
0	2145
0	2122
0	2144
0	2121
4	2180
0	2143
0	2067
0	2027
0	2054
0	2031
0	2049
0	2026
0	2003
28	0
5	0
912	0
0	726
78	726
10	671
0	104
9	103
2	99
4	0
311	0
767	0
0	4370
0	3571
0	3490
0	3845
0	3764
0	4311
81	4382
0	4230
0	4537
0	4618
29	3908
1	4438
59	0
0	89
12	105
33	105
873	0
26	0
1216	9457
19	9457
40	1110
93	1110
4	8
1	8
501	0
1575	0
17	0
150	0
0	0
23	0
650	0
23	0
39	0
25	3082
166	3082
168	0
87	270
12	276
20	174
0	611
7	565
1	573
0	471
846	0
209	1
785	0
58	0
350	31
321	0
2	0
523	0
5	1066
33	1066
0	1066
0	1044
3	861
3	810
29	851
10	827
6	866
7	852
4	821
458	0
27	210
0	210
0	479
0	480
0	465
0	474
5	438
142	0
101	463
0	463
9	0
26	0
8103	0
2	0
1110	0
11	0
15	155
3	155
116	0
69	0
57	0
1107	0
689	0
102	0
1	459
47	459
1	416
152	0
67	2279
242	2279
185	0
671	0
108	0
9	0
0	97
24	97
234	0
2438	0
28	341
37	341
13	0
984	0
0	208
195	208
0	0
404	0
53	127
3	127
2	429
4	414
101	428
6	379
0	417
0	458
84	0
786	0
573	0
1232	0
15	0
1	180
50	180
314	0
15	0
680	0
13	1021
0	1061
0	1324
28	1299
40	1293
34	1299
123	0
1	0
1215	229
41	282
6	282
0	0
0	0
0	0
14	1
1	0
1701	0
0	388
74	388
0	10
0	10
6068	0
461	144
4066	114
61	5226
111	5259
178	4271
4250	0
167	0
903	0
7	1079
1	1089
49	1182
54	1193
5980	146
1272	0
53159	0
1111	1
3615	0
503	0
1265	0
0	0
1039	0
10	799
9	940
42	935
52	935
190	938
38	940
0	1159
22	1201
0	1255
56	1236
2	252
0	252
152	0
0	764
8	764
12	833
32	833
363	0
67	0
18	466
5	466
1	0
125	0
273	0
22	871
0	977
0	744
0	922
494	0
70	44
0	44
1	0
0	4152
120	4654
82	4929
25	5899
37	3479
6	3479
12	3479
1036	0
59	0
7	0
12	0
261	243
4	243
2507	0
196	0
136	0
19	0
720	0
97	1075
35	1072
0	996
0	9
0	9
0	1400
0	1440
55	1343
27	1046
4	1436
0	1401
19	1477
0	1232
31	1311
1	0
2	0
58980	0
353	0
13	746
316	746
870	0
287	0
0	378
40	378
36	29
91	29
3929	0
17	143
88	143
8	0
35	0
205	0
0	2280
0	2198
16	2222
161	483
0	483
6	0
2474	0
3	161
0	161
402	0
0	739
1	739
3	688
1	935
0	859
2	901
0	995
335	0
537	0
488	0
67	0
1517	0
2	0
301	0
0	0
479	0
40	777
20	777
32	777
0	774
23	336
3	336
879	0
226	0
585	0
742	0
630	0
621	0
237	0
104	612
30	612
8	240
12	240
9	240
422	0
311	953
0	953
0	0
0	0
7	0
0	0
21	0
0	0
7	0
0	0
0	84
8	84
32	0
0	0
172	0
216	1186
0	1186
0	411
69	411
0	1060
0	1058
0	1090
0	1092
1073	0
358	0
205	0
14	0
4	214
61	214
2	0
4	157
0	157
84	0
1391	0
800	0
3	1447
31	1447
310	0
11	0
0	150
22	150
3	0
322	0
1451	0
316	0
1466	0
6	133
38	133
1	694
45	805
10	759
0	858
0	775
729	0
359	0
1212	0
3	383
32	383
33	881
71	881
0	773
8	871
1714	0
0	231
2	210
0	171
5	18
0	18
4	18
0	291
1	211
2	315
0	198
0	222
1	241
13	264
5950	0
2915	0
0	6342
268	6342
20	0
3	0
171	0
13	0
428	0
788	0
937	0
143	1343
10	1343
306	0
88	0
449	0
13	0
178	0
46	1185
36	1185
0	0
1956	0
52	489
18	603
16	555
6	545
12	621
27	664
191	48
5	48
421	0
0	850
12	1054
150	606
0	569
3	530
2	529
28	569
0	482
0	13452
566	13452
6	1482
9	1537
0	1631
0	1492
0	1473
17381	0
108	1130
0	1130
3338	0
3368	0
40	0
420	0
361	126
1921	0
387	0
962	0
29	0
365	0
2	0
0	0
82	0
493	0
46	162
166	162
168	0
2	543
163	543
202	593
0	595
6	595
164	0
20456	0
5911	0
74	0
133	0
295	850
0	850
148	355
0	355
116	0
17	25
1	39
0	14
0	14
0	116
0	122
0	113
12	0
120	300
1	300
882	0
146	1273
59	1273
449	0
5	1127
31	1178
0	1255
1	60
0	74
0	74
465	0
0	3513
166	3559
428	3559
0	0
13	0
51	220
3	220
0	150
0	1418
15	1332
119	1159
548	0
538	0
580	0
25	0
826	0
525	4659
104	4076
116	4755
34	4172
357	4080
110	0
5692	0
7	0
104	364
7	364
6	364
15	0
15	0
14	0
367	0
3847	0
71	0
16	0
0	0
458	0
8	10
0	10
196	0
740	0
143	276
36	276
0	284
0	284
63	412
0	412
14	0
41	0
150	0
438	0
144	0
45	525
26	527
20	499
136	3182
116	3182
8969	0
5877	0
169	1120
17	1120
405	0
615	0
802	3406
6	3406
51	3406
0	3366
0	3094
61	1797
0	250
2	306
14	306
18316	0
0	428
22	442
0	435
9	449
145	0
21	475
0	475
4287	0
395	0
553	0
762	0
0	1099
0	1084
2	1097
241	0
126	407
0	407
3	0
548	8604
89	8593
126	8811
364	8809
5	8718
80	8721
483	8599
18	8849
94	8853
0	8621
0	7834
800	8247
49	8670
63	8598
4	8593
18	8598
36	8604
372	8597
0	0
9	0
0	1340
59	1340
54	744
15	747
0	773
88	1260
0	1260
39	0
85	0
431	1397
0	1397
1107	0
1491	0
444	0
5006	0
0	4499
0	4467
6	4297
2	4297
0	4553
0	4521
0	20
0	24
0	23
1	16
134	1275
8	1275
244	0
4	0
77	0
721	0
319	0
338	0
9	0
502	0
12	0
41	0
571	0
0	0
0	0
964	0
0	0
12	1
3	0
691	0
41	0
1657	0
9	0
12	0
46	0
0	0
0	0
0	0
1	0
207	3541
38	3541
31	1242
126	1229
0	1240
0	1393
26	1343
0	1240
2	1222
3	1329
1	1197
10	1184
18	1176
6	1101
0	859
1323	0
789	0
2	0
11	2434
0	2662
6	2515
7	2745
1	2541
2	2626
3	2581
7	2480
4	2583
28	0
12	0
5116	0
157	0
17	1050
0	1162
4	1067
0	1151
0	1151
212	0
1	116
4	116
50	1284
0	1284
0	54
1	55
0	55
1889	18
0	559
39	559
854	0
0	454
0	372
0	454
162	556
31	471
0	573
43	516
0	559
0	1188
5	1091
0	1129
38	1033
5	0
5	0
51	0
346	0
4	1965
15	1847
20	1912
185	1833
0	26
0	26
6	1613
14	1565
0	1680
63	1675
104	0
514	0
17	1339
0	1436
32	1392
9	1096
0	1096
0	1830
0	2005
0	1663
0	1838
115	0
1235	0
59	355
0	355
42	52
0	52
318	0
0	832
0	842
0	856
0	866
11	791
2384	0
119	0
0	2547
25	2547
470	0
1704	0
2	0
7533	0
477	15
116	0
0	88
18	88
111	0
1	9036
0	8713
164	8895
189	8434
12	7862
122	8425
125	8328
13	7875
14	7875
0	7404
109	7647
5	0
0	0
1	0
0	0
0	0
649	0
1013	0
0	0
161	0
195	902
315	902
65	0
220	0
2	33
42	33
728	0
8	0
1148	0
37	0
452	0
17	0
134	0
1901	0
117	0
263	1432
5	1432
552	0
1974	0
90	1292
0	1297
0	1370
1	1292
294	0
180	0
454	2942
97	2942
0	0
12	0
170	0
56	113
64	113
195	0
340	0
0	354
0	357
0	344
0	347
0	307
1386	0
308	13
10	897
313	897
92	0
896	134
0	1148
82	1148
80	636
491	0
3319	0
26	0
13	32
2	32
0	32
16	9
121	510
12	1723
7	1723
26	1723
0	2028
30	1971
6	2048
2	1960
4	2044
2	1978
92	1752
7	2066
31	1
1443	991
4	0
1498	991
42	0
640	0
653	0
820	0
2723	0
1	6
0	6
0	5
13	0
230	0
644	0
3870	0
59	0
156	0
244	0
682	0
552	0
20	166
0	166
463	0
456	5630
1420	5630
4	324
4	266
10	377
75	460
19	460
53	0
25	0
1113	0
293	0
156	0
549	0
26	0
409	0
0	134
39	134
393	0
596	0
0	0
2805	0
6	796
0	845
0	790
359	0
1387	0
3	3579
2	3580
44	3566
8	3586
16	3587
994	0
4653	0
205	0
134	0
30	0
0	252
0	257
2	188
1281	0
924	0
916	0
2489	0
238	0
23	3384
128	3580
0	2836
0	3032
19	0
170	505
71	466
14	623
29	0
390	0
1129	0
46	532
10	532
10	0
4	173
164	173
12	155
5	155
1	155
0	146
780	0
1346	0
679	0
66	0
43	3897
111	3897
510	0
0	115
0	112
0	115
65	0
3	0
92	0
3632	0
18	37
3	37
28	128
42	128
2	0
20	0
4	0
83	0
247	0
164	0
11	0
89	2052
114	2052
1	65
13	65
40	852
21	850
0	852
6	0
1	1408
126	1380
1	1082
8	1868
97	1868
0	1868
37	0
1590	0
127	0
234	0
361	0
30	0
2074	0
368	0
234	984
478	984
520	0
12	0
2	0
1	0
168	0
1	0
434	0
8	0
14	0
0	524
0	507
2	524
334	0
14	977
46	977
188	113
557	0
194	1619
42	1619
2	1410
5	0
253	0
31	1232
17	1235
0	1264
0	1383
0	1549
0	1430
0	0
121	0
381	2413
0	2413
66	0
1	8
2	8
18	0
89	74
1	124
0	112
206	4
403	0
491	0
85	2
138	0
3	43
0	43
13	0
5	0
2	0
540	0
293	614
626	614
130	0
0	8
0	8
0	8
3	2109
200	2109
189	0
0	469
9	423
0	370
2	415
7	151
0	157
1	103
32	0
5	249
8	249
552	0
938	0
815	0
733	0
690	0
9	0
411	8323
0	8323
11	0
954	0
118	0
500	0
503	0
16	400
0	118
316	533
17	251
120	0
86	0
25	0
8	0
18	0
720	135
30	459
0	459
411	0
1327	0
4544	0
29	1185
100	1185
412	0
134	457
26	1428
0	1446
365	0
542	2634
0	2634
158	0
505	0
2021	0
230	1013
30	1013
89	0
1039	0
647	0
0	447
27	447
496	0
67	3184
77	5217
166	5323
27	5382
11	5465
7	5445
7	5304
5	5379
4	5328
12	5328
5	5109
111	5255
7	5293
3	5308
99	5352
46	5176
0	5364
67	3229
1	3201
7	2822
17	0
15	0
2	0
143	1241
0	1241
188	0
12	0
770	0
193	0
394	0
82	691
0	666
2	691
617	0
9	0
1471	0
18	64
0	64
508	0
2322	0
1802	0
146	298
0	298
486	0
826	0
429	0
690	0
1841	0
271	0
13	0
1786	0
591	0
582	0
263	0
270	0
593	0
0	284
1	271
0	237
324	706
52	706
35	97
5	97
87	1858
784	1858
377	0
4	280
174	280
46	106
1	106
8	0
439	4708
31	4708
247	0
34045	0
36	0
3355	0
1444	0
942	0
19	1690
57	1690
27	0
5	194
40	194
568	0
2588	0
84	1644
0	1644
706	0
740	0
50	2242
10	1605
251	2123
66	1605
187	0
516	0
224	0
390	0
4	0
21	2207
0	3319
34	2502
0	2545
16	3318
0	2249
40	2179
0	3608
0	2538
6	3311
1131	0
619	0
622	0
0	343
8	343
241	0
2	0
70	0
0	2900
0	2815
0	2731
0	2707
2	2816
20	2700
122	2700
270	0
0	240
6	240
258	0
1067	0
810	0
2	338
90	338
320	0
0	2666
0	2704
0	2665
35	2665
5	2593
0	2718
0	2691
0	2694
0	2756
0	2743
0	2746
0	2561
0	2556
0	2585
24	0
79	1428
7	1428
7	1428
83	0
7	1060
7	1062
177	1062
21	922
68	922
0	0
3	0
1699	0
5	580
0	611
1	606
6	605
6	600
0	548
16	578
3	578
194	0
373	0
141	0
8626	1
0	0
1	28
0	32
7	32
0	0
245	0
168	0
464	0
162	0
7293	0
112	0
11	0
9	0
1172	0
141	1222
31	1222
627	0
719	0
1	0
138	0
12	1190
0	1345
0	1325
31	0
367	0
466	7361
38	7361
227	0
0	13297
2159	13297
41	3350
408	3350
149	3408
12	3408
467	0
76	3145
0	3145
2919	0
1694	0
0	132
5	132
36	51
9	51
324	0
88	0
1248	0
650	0
0	666
0	695
8	579
2155	0
77	2190
29	2168
1	2142
1	2247
2	2208
5	1993
3	2279
0	1944
0	1962
0	2226
0	2035
1	2317
252	0
85	1141
9	1141
2086	0
273	0
187	0
222	0
0	97
12	98
8	98
20	603
0	645
0	636
305	0
0	685
0	659
0	675
0	659
14	658
7	671
0	685
1	660
0	701
784	0
1642	0
650	0
0	694
0	672
0	692
0	103
0	103
0	3072
1707	3196
225	3196
4927	0
1061	0
385	0
36	819
247	819
299	0
270	0
0	0
332	0
5	1251
28	1251
2	1021
22	1021
4	276
7	308
0	312
563	0
81	0
459	8
3	0
3	0
106	1529
0	1529
8	0
62	0
6	92
0	92
401	0
112	186
28	186
1045	0
21	0
0	54
2	54
249	0
185	0
2	0
0	443
1	470
14	469
43	0
24	0
2	368
23	368
11	343
513	0
0	0
0	0
0	0
3117	0
829	0
434	0
239	0
463	0
108	0
135	0
741	0
58	482
64	482
331	0
1198	0
616	0
20	0
181	12424
51	12242
0	13092
470	0
83	0
606	0
736	0
485	0
32	337
55	337
101	0
1565	0
1840	0
0	1648
2305	1648
0	1747
77	1707
30	1738
2	1733
0	1762
0	1666
0	1681
0	3384
23	3309
24	3374
14	3320
41	3328
13	3390
60	3187
0	3022
25	3008
31	3029
348	0
3	0
15	0
20	13
0	50
0	20
0	50
0	50
8249	0
405	0
1876	0
1231	0
0	3606
7	3431
36	3431
21	2902
21	2745
8	2612
14	2145
1038	2145
393	0
16	0
0	115
2	115
1	115
25	303
8	303
22	0
0	4501
336	4660
30	4660
0	4700
122	4270
15	4195
226	4605
8	0
3	0
337	0
30	539
77	539
39	0
539	0
174	0
5	0
585	0
415	0
3003	0
201	0
40	0
10	0
0	0
805	0
552	0
20	499
71	499
238	0
1691	0
2	0
1	0
246513	0
33	0
1	0
4	0
0	0
138	0
5	0
181	0
383	0
790	0
732	0
3861	0
34	0
40	0
28	4701
18	4703
79	4716
24	4726
12	4709
125	4705
15	4703
22	4762
45	4723
6	4723
75	4760
27	4693
59	4702
28	4705
64	4704
34	4689
55	4730
170	4720
35	4704
31	4702
26	4709
62	4693
29	4705
49	4730
12	4743
18	4753
2	4762
1	4774
70	4704
21	4713
17	4770
8	4770
37	4713
35	4734
29	4704
11	4710
22	4710
50	4726
9	4893
47	4893
126	4693
26	4690
53	4690
125	3963
4	1161
33	1258
15	1169
35	1049
229	0
66	0
1694	0
0	786
30	786
6253	0
1013	2
165	0
268	0
123	0
1071	0
9	1602
251	1602
224	0
670	291
153	146
177	0
1540	0
30	0
1231	0
160	0
3322	0
48	0
2	8
15	23
3	23
858	0
57	0
363	0
339	7869
58	7869
1432	0
288	0
5	0
113	0
779	0
0	968
1	909
114	905
1217	0
850	0
30	73
1	73
0	65
421	1486
121	1486
649	0
2	336
0	336
5	270
122	270
1845	0
824	0
8	35
0	35
0	35
1051	0
3	96
6	96
33	96
518	0
17	0
144	1467
20	1467
28	1341
152	1184
21	811
80	811
0	2673
16	2613
3	2649
8	2592
1	2573
266	1547
59	1547
0	1609
268	1482
167	0
135	0
52	88
2	88
333	0
41	0
849	0
0	0
0	955
6	887
46	905
7	818
7	819
1	665
125	1754
0	2156
0	2258
0	2576
0	2678
445	0
3038	0
104	667
13	667
20	0
137	0
342	1671
122	1672
2	1672
18	46
0	46
1214	0
184	0
48	176
5	176
240	0
5	984
0	988
0	1163
78	1125
162	0
232	0
30	384
100	384
2	22
0	22
35	0
2	0
2	0
383	0
1070	27087
233	27087
9	0
137	19904
268	19732
426	19570
216	19400
481	0
281	0
1	0
869	0
2099	0
368	0
0	0
0	1339
15	1416
81	1401
8	1416
68	0
79	3867
138	4639
0	4670
409	0
78	2241
143	2241
484	0
1121	0
98	0
1351	0
552	0
362	0
24	0
5	3309
5	3328
5	3355
10	3331
14	3341
25	3334
5	3348
3	3358
4	3335
1	3344
1	3349
10	3352
1	3354
13	3370
3	3359
8	3365
9	3348
16	3359
0	3352
1	3297
46	3363
64	3324
5	3350
7	3263
12	3363
0	3370
25	3205
224	3255
1785	0
473	0
1748	0
14	550
75	550
108	0
911	0
3113	0
503	0
4651	0
70	290
0	290
562	0
175	0
210	0
0	889
0	771
0	741
94	741
1474	0
750	0
765	0
270	0
1884	0
72	1582
15	1582
5	0
864	0
3990	0
12	742
137	742
370	0
603	0
4	0
20	341
0	379
24	379
1375	0
0	10541
94	10252
70	10568
0	10514
202	10456
0	10499
0	10589
0	10376
20	67
0	67
0	3252
2	3252
15308	0
113	0
238	0
237	0
260	0
1002	0
411	0
203	0
5	10
0	10
39	197
25	197
2185	0
350	0
116	0
637	0
4	16
0	16
433	0
148	584
180	584
989	0
9	48
0	48
3	45
2	1105
29	1090
6	1099
6	1084
30	253
1	253
315	0
733	0
8	886
309	886
38	456
5	456
4	80
55	80
50	469
3	469
38	460
1	460
242	0
1475	0
240	0
1029	0
40	329
234	329
185	0
0	2089
52	1750
1	1750
54	1747
1	2078
11	2042
4	2040
0	2199
0	2216
0	2115
1	2241
12	2324
805	0
130	0
24	0
36	0
405	0
0	501
2	588
41	588
147	0
7488	0
298	0
2648	0
413	1584
0	1755
240	1713
3	0
12	99
0	99
3	99
0	83
137	0
2291	0
1	0
18	0
164	0
351	0
556	0
60	121
0	121
1	0
380	0
817	0
22	0
0	11
0	11
26	0
0	207
5	207
34	207
0	196
711	0
35	590
70	590
78	0
605	0
626	0
2122	0
109	0
0	477
58	477
229	0
1734	0
109	0
164	0
245	0
39	0
483	0
1619	0
923	0
39	0
0	607
45	602
4	234
162	0
0	338
0	338
210	0
7430	0
933	0
77	0
12	0
1	0
3412	0
472	0
12	16
0	0
5	0
144	381
1	381
0	375
1691	0
231	0
6	276
0	276
496	0
14	2568
419	2568
127	2947
1	3283
974	0
257	2426
24	2426
14	730
62	730
24	1540
19	1540
2556	0
299	0
358	0
86	0
11	3521
14	3539
1	3028
14	3046
6195	0
29	451
27	451
0	1033
13	1033
2	1784
484	1784
4	1784
4401	0
63	0
4892	0
69	0
304	0
195	0
54	0
67	0
10	0
1865	80
0	21
3	0
942	0
1681	0
78	540
9	540
0	510
4	332
0	465
681	0
368	0
37	130
0	130
237	0
833	0
75	0
0	12
0	12
0	12
0	12
0	12
120	0
671	0
86	1573
343	1573
829	0
124	0
0	0
0	1629
17	1707
0	1740
162	0
45	2315
1	2315
334	2270
885	0
60	0
0	0
0	0
325	0
0	2830
19	2569
163	2776
0	2304
120	0
135	0
42	323
0	316
0	295
384	0
7	633
3	633
331	0
814	0
191	0
711	0
53	498
28	498
20	1202
17	1202
93	0
2	664
10	664
0	694
0	641
0	0
4388	0
116	0
9	853
71	853
0	99
0	99
91	0
714	0
0	338
13	378
1	369
450	0
0	2537
8	2236
9	2027
176	2527
327	7
1100	0
545	0
1009	0
477	0
40	0
0	0
0	0
11	0
2	65
0	68
2	58
8	0
6	0
24474	0
26	472
8	469
0	482
5	480
6	480
26	478
3	482
0	359
0	376
23	1039
32	1039
5	1039
0	1039
56	0
828	0
425	0
36	2456
21	2512
36	2496
0	2576
120	0
1565	6299
305	6299
51	5540
0	5558
0	5561
30	5534
0	5555
1	5558
8	5551
40	5551
0	5504
5	5501
0	5484
74	5477
7	5479
12	5057
2	5057
9	5057
0	6188
0	4035
0	4275
0	4028
0	4311
7	4185
0	4268
0	3990
0	4356
0	4078
0	4056
0	4313
0	4370
0	4349
0	4327
0	4306
0	4332
0	4289
0	4334
599	0
63	0
741	0
65	312
1	312
0	198
0	198
3	197
18	197
5	1030
68	1030
0	810
0	1229
0	1185
35	1196
1	1173
27	196
7	196
1740	0
42	802
53	855
63	814
0	885
358	62
33	0
0	122
2	83
0	98
472	0
398	0
54	2056
20	2056
1591	0
2179	0
325	141
19	141
581	0
770	0
87	646
17	554
41	511
2	5565
0	5290
0	6193
0	5918
6	78
16	92
2	76
1053	0
8	25
0	25
282	838
64	838
592	0
3	891
44	898
71	897
168	843
233	0
77	546
26	546
263	0
0	1123
1	1075
38	1119
208	0
615	2735
0	2735
819	0
173	0
309	0
0	95
1	162
0	172
1	0
295	0
174	293
0	293
110	0
135	0
24712	0
56	0
940	0
758	0
44	234
2	234
22	194
23	194
281	0
88	0
189	0
718	0
8302	0
3747	0
196	0
443	0
156	613
49	613
78	0
4556	0
79302	0
0	163
10	143
15	94
19	0
37	338
0	338
0	0
0	0
0	0
0	0
0	0
0	0
28	1196
0	1236
38	1236
0	388
27	381
1	347
469	1
6	302
27	302
0	0
0	2407
101	2345
25	2359
123	2376
63	2373
2	15
0	15
1	15
122	281
0	281
292	0
17	385
15	385
6	382
783	0
68	0
2971	0
2853	0
1561	0
489	0
52	91
46	91
1691	0
328	0
681	0
0	782
81	782
86	575
4	575
102	332
384	0
903	0
298	0
4085	0
5	772
45	772
0	769
972	7
0	19573
0	23885
0	23719
1	23899
0	23740
30	23753
0	23558
0	23660
13	23623
0	23669
72	23487
308	22940
0	23648
0	23829
0	23812
0	23791
318	23527
0	19246
0	19517
0	19336
8	18860
0	23437
0	23458
20	21380
52	0
285	0
2	0
1001	6426
19	6426
25	0
517	0
591	0
583	0
5	0
202	1446
0	1446
533	0
16	0
164	0
829	0
467	0
4191	0
468	0
17	186
0	186
0	79
5	80
0	65
3	66
381	0
130	0
721	0
18	1175
151	1175
0	0
845	0
1	149
0	149
0	149
59	1021
4	1018
0	1109
5	972
11	11
3	11
85	224
0	224
0	476
65	476
660	0
22879	0
14	0
828	0
271	0
867	0
1108	0
0	1569
2	1429
122	1514
0	1377
7704	0
828	0
121	0
8696	0
335	0
2803	0
0	658
334	658
1649	0
689	0
40	325
8	325
0	0
3	0
1	144
14	144
692	10
315	0
0	0
1323	0
1977	0
10	0
111	1565
71	1565
881	0
1886	0
15	1671
240	1671
629	0
95	496
50	496
18	657
58	657
114	908
0	908
0	523
60	518
2	497
32	0
6	0
425	0
31226	0
113	0
877	0
399	0
947	2
176	643
0	643
169	0
2081	0
95	27
140	774
17	747
1	0
377	0
0	0
114	1307
11	1437
0	1426
51	1346
0	1457
1	1382
19	1410
2	1349
5	1369
80	1213
111	1422
118	464
80	466
248	466
6840	0
42	0
0	179
22	179
3	0
0	5
5	5
1	0
4	0
396	0
3251	0
3749	0
3	0
1	0
16	917
18	917
26	906
80	1434
9	1434
41	0
0	983
0	983
601	0
76	0
318	0
83	256
11	256
111	0
290	2772
94	2727
0	2971
15	0
563	0
638	0
65	0
333	0
10	0
242	0
1694	0
20	2388
2	2390
337	2387
83	0
28	5241
298	5241
17	0
25	307
0	265
11	300
0	272
0	275
2294	0
162	0
5124	0
393	0
735	0
304	0
79	0
73	0
491	0
168	247
335	0
1182	0
1811	0
3	295
0	295
28	0
1184	0
481	0
6	97
96	97
262	1049
0	1049
0	405
9	367
1	372
11	382
423	0
93	0
84	0
420	0
3	1588
1	1588
0	1567
92	0
3	0
579	0
144	0
377	0
603	0
423	0
54	0
11	2869
12	2855
73	2978
0	3025
18	2317
6	0
26	0
1052	0
19	0
446	1885
274	1885
0	88
28	88
11	46
0	52
0	51
3049	0
147	0
2	0
8	0
52	0
37	3544
88	3528
25	3528
0	3924
42	133
0	133
30	0
197	0
214	612
0	612
8	388
0	456
7	305
130	1681
4	1681
20	219
17	219
0	0
0	1545
155	1545
182	504
2	504
39	0
138	2579
236	2579
58	3901
0	4322
563	4322
2812	0
32	0
262	0
3512	0
116	264
0	264
0	252
516	0
1288	0
808	0
543	0
5	648
91	648
1924	0
0	4
0	4
5	267
31	267
138	0
51	0
21	3348
106	3348
67	0
0	405
0	375
2	405
2	0
14	1253
20	1253
18	284
238	284
50	230
8	230
413	0
73	11
0	11
2106	0
7	77
7	77
1888	0
7	0
1099	0
381	0
3	144
15	144
1121	0
3	0
49	0
16	0
174	0
247	0
17	1089
12	1092
2	1092
5	1090
2219	0
196	438
14	438
693	0
1503	0
348	0
0	4514
1	5499
0	2473
0	2166
0	4472
0	2378
0	2297
0	2151
0	4117
1	1314
0	1151
0	990
0	1118
0	1201
4	2242
0	2192
53	1842
1	2684
0	1866
0	2586
0	2544
0	3571
0	889
0	900
8	1049
0	1019
0	1168
2	1881
717	0
30	0
402	0
86	0
144	0
1259	0
0	421
12	421
1658	0
253	0
9	346
6	346
342	0
13	259
10	259
170	531
57	531
500	0
893	0
11978	0
31	0
177	0
7	0
105	0
0	1213
0	1259
0	1217
0	1263
14	1004
253	0
4054	0
118	1802
14	1802
67	1802
67	1658
33	2662
0	2787
107	2629
0	2668
16	0
0	0
135	0
2273	0
2490	0
32	386
0	387
1	352
72	260
33	0
229	0
28	5654
0	8353
0	7868
0	7999
0	7514
0	8514
0	8029
2222	0
0	1351
182	1308
137	1317
0	1267
323	0
79	0
1	57
0	57
1341	0
80	0
0	153
4	155
0	235
29	0
470	0
60	0
105	666
98	666
15	0
2	0
0	3
6	3
53	255
0	255
583	0
272	0
1526	0
1925	0
2815	0
12	1849
0	1796
137	2106
85	2077
0	2359
150	2041
20	645
0	645
626	0
2	0
525	107
300	0
219	3247
79	3247
1466	0
34	0
91	336
0	289
11	221
1085	0
107	0
5028	119
0	80
0	80
810	1311
40	1311
18	7148
4	7135
1	6998
83	7285
1518	0
17	0
0	0
0	0
5	537
6	462
0	462
110	537
23	0
12	0
1608	0
280	0
1220	0
8600	0
752	0
761	0
466	0
547	0
164	0
0	1216
0	1486
119	1268
0	200
15	187
0	196
3	2828
0	3449
38	2871
186	3313
491	0
193	0
990	1532
0	1532
32	846
114	846
16	0
2	74
1	79
31	79
518	0
87	2006
0	3467
0	3387
0	3576
0	3496
0	3250
0	2176
16	441
7	441
179	0
6	95
1	95
94	182
0	182
0	182
36	1497
150	1497
241	0
46	0
48	0
15703	509
17	0
86	0
172	0
3192	0
14	0
1509	0
404	0
44	0
662	0
1480	0
1063	0
4	2266
11	2401
0	2421
12	2200
43	0
79	690
0	690
14	0
1537	0
1	363
0	363
729	0
1103	0
281	0
78	2189
151	2189
1199	0
148	0
233	0
237	0
0	1287
0	1249
0	1261
0	1223
0	1198
0	1160
0	1134
0	1131
44	1102
78	0
673	0
432	0
226	0
17	633
1	633
0	2245
442	2245
334	0
176	0
8	0
2705	0
9	228
8	228
40	0
0	245
0	269
1	249
7	263
0	249
5	264
132	0
0	1389
0	1338
44	1327
406	0
0	2636
0	2475
216	2623
168	0
4	0
4	740
42	795
28	808
0	849
0	676
1763	0
257	1
235	0
20	174
0	191
0	188
0	190
1	187
2	186
341	0
3	309
0	325
5	305
0	324
0	258
72	1584
0	1584
222	0
0	143
0	143
0	143
0	143
24	1608
15	1547
116	1775
44	1714
6	1023
0	1023
14	0
104	0
3779	0
918	0
58	124
11	124
1036	3
108	741
87	741
11	714
527	0
514	0
21	2683
67	2683
271	1
489	0
3087	27
0	0
13064	0
1068	0
237	0
3195	0
4	0
22	1196
54	1255
0	1288
17	0
71	0
6	0
83	0
72	0
3	0
38	3009
33	3009
407	3023
298	3023
904	85
44	1561
0	1720
99	1697
240	0
117	224
8	224
290	0
351	644
0	644
3	0
0	0
62	0
16	0
57	0
65	0
131	2228
368	2228
178	0
202	393
580	393
9171	327
17	150
49	428
0	0
12	0
12	0
0	2061
37	1896
112	2027
210	0
5	825
0	825
1	656
77	656
182	0
1	0
149	0
687	0
2	0
68	0
284	0
0	721
35	711
0	691
1009	0
133	2730
367	2730
38644	0
274	0
15964	0
4211	0
808	0
11	0
1	293
39	293
480	0
345	0
59	847
9	847
5	0
785	244
0	0
561	732
2	732
7	0
8	5
443	0
2056	0
2	8416
68	8415
2	8343
0	8942
40	8295
267	8906
2062	0
1010	0
0	1913
86	1612
1	1850
20	1849
95	1905
107	1849
547	0
0	97
0	97
192	0
2198	0
600	0
36	0
0	69
0	72
2	72
0	423
28	725
48	631
6	496
33872	0
1	0
154	638
7	612
79	638
175	0
1388	0
6	1
1	1
473	0
1431	0
742	0
1289	0
1410	0
5	0
476	0
12	146
4	146
0	558
0	531
0	475
345	0
31	3203
141	3203
615	0
78	0
216	0
132	0
37	0
36	0
42	0
315	0
959	0
2617	0
0	3392
40	3311
56	3312
484	0
2585	0
3	0
19	0
127	0
282	0
410	0
82	727
0	727
0	712
204	0
103	0
2155	100
0	0
122	0
2172	0
0	839
0	839
845	0
52	0
394	0
35	54
0	54
6	0
1	1460
26	1460
341	0
123	0
509	0
87	60
1	60
23	0
11	0
4126	0
3423	0
1112	0
714	0
355	0
188	0
9765	0
629	0
208	0
0	0
47	0
36	272
71	272
88	312
7	312
3863	0
558	4069
23	4069
8	0
312	0
246	0
154	0
288	0
1732	0
213	0
11	219
17	219
473	0
198	0
1314	0
407	0
908	0
90	700
0	700
587	0
0	91
0	106
0	96
220	0
1316	0
752	0
20	265
46	265
38	0
4	0
115	0
51	0
406	0
17	440
27	440
277	0
0	36
0	36
4616	0
10	0
3	172
0	172
15	172
38	519
1	519
0	459
249	0
860	1942
429	1942
1720	0
0	8680
386	8510
45	8455
15	8463
85	8383
0	0
16	1559
0	1691
31	1608
40	1489
12	1559
117	0
317	0
19	1147
56	1147
107	0
261	5165
356	5165
6	723
52	723
715	0
110	0
21	169
0	169
163	0
289	0
0	0
111	0
3781	0
1399	0
0	479
2	442
0	355
30	271
4	271
202	0
94	3257
148	3257
17	3257
3	0
332	0
3	175
84	175
5289	0
157	631
0	653
0	215
354	0
0	272
0	283
0	282
1	292
38	280
6	191
677	0
0	131
11	131
11	0
2249	0
88	0
0	1267
65	1237
7	1207
22	0
206	3985
15	3985
84	0
778	0
242	0
270	1190
36	1190
15	1114
120	1114
3	176
0	176
7	115
0	115
3056	0
335	0
2	0
2565	0
1164	0
119	281
1	281
197	0
382	0
105	0
688	0
823	0
1377	0
1350	0
1319	0
2627	0
2053	0
7	2181
306	2181
0	1853
103	1762
402	0
342	0
317	0
0	35
0	28
5	35
0	31
0	0
1819	0
209	0
816	0
21	0
178	0
268	0
5	0
89	0
750	0
3308	0
485	0
32	0
11	476
0	543
5	498
0	498
58	0
5	6312
25	8458
0	9156
349	9062
93	8775
75	2346
320	0
35	346
0	346
197	0
201	0
0	156
11	143
0	106
32	154
1326	0
533	0
0	1099
5	973
22	1073
43	0
1088	0
45	0
1	689
58	728
67	728
966	0
196	0
18	660
166	660
10	444
31	444
1057	0
54	0
3	363
26	363
24	43
0	43
382	0
3959	0
2320	0
13	0
0	0
53	0
244	0
13	0
2576	0
5	0
388	0
40	0
387	0
20	0
106	0
5	0
423	0
300	0
17766	0
7	0
15	0
245	0
370	0
310	0
7	2885
14	2102
1	2928
168	2890
310	0
3768	0
0	232
0	217
5	223
1	0
0	0
22398	108
0	4825
0	4824
0	4903
0	4902
1969	0
83	1049
49	1049
1474	0
276	0
749	0
787	0
2260	0
564	0
20	3240
27	3385
37	3260
83	3405
3	3149
0	3294
9	2720
18	2974
2	2860
13	3024
17	3297
71	1137
279	1137
5	0
4	0
121	0
3	0
358	25
266	0
9	266
0	287
22	263
367	1210
35	1210
33	0
0	0
0	4576
697	5780
909	5708
292	0
155	0
38	0
536	0
193	3757
42	4074
74	4055
89	4056
0	4141
23	4054
92	0
46	816
30	705
0	835
0	810
4	4282
372	4282
5	4282
24	4282
184	3922
0	0
0	0
221	0
24	0
170	0
956	0
0	111
13	111
308	0
102	378
8	378
1155	0
1505	0
27	0
11	0
4	212
24	212
0	0
2	0
0	0
29	701
626	701
12	0
481	0
32	0
41	299
24	299
424	0
6	0
346	0
349	1840
406	1840
0	148
5	148
1	6
0	6
68	0
0	0
0	0
1	0
0	0
259	0
49	394
0	394
736	0
4	31
10	31
17	31
6	0
0	0
0	0
16	0
270	0
0	823
50	1173
4	1305
0	1358
0	1275
1748	0
984	0
3608	0
360	1
27	0
7	0
2	865
178	865
1	22
58	22
14	540
37	552
0	552
61	0
67	0
173	0
714	0
78	0
82	0
6	0
1220	0
411	0
1201	0
107	2274
59	2274
84	0
469	0
419	0
12	0
0	4115
74	3406
441	3932
54	3341
60	4380
315	2148
58	0
9	0
1	0
1375	0
0	0
1869	0
0	3173
19	3037
36	3085
1	3216
7	3217
9	3262
2	2854
2172	0
1393	1
747	0
24	1404
31	831
235	1404
20	157
0	157
277	0
0	15
0	7
2	15
756	0
101	1718
3	1718
0	130
3	130
1489	0
0	232
0	231
10	232
1070	0
325	0
382	0
1202	0
2619	0
215	0
214	0
293	0
388	0
79	14
10	97
18	97
0	0
3	0
4	0
3413	0
2514	0
52	0
16	36
0	36
1997	0
1530	0
0	26
0	26
3027	1
53877	1
9	0
26	0
755	0
1743	8
0	237
0	246
0	246
1634	0
5	0
4	641
0	733
9	464
0	464
9	0
3	0
0	0
0	9
0	9
40	1
0	0
0	0
68	0
0	1623
11	1557
13	1619
122	1619
63	222
0	222
93	0
573	0
591	0
13	337
0	367
0	371
2822	0
114	816
0	816
1042	0
7	0
8	729
48	729
8	0
191	0
181	0
1015	0
179	0
2	431
0	345
271	0
92	1020
104	1020
7	0
95	870
0	870
2429	0
1335	0
387	0
2555	0
782	1175
6	1175
3737	0
187	0
23808	0
0	2657
3	2399
32	2351
0	2109
431	83
16	105
89	105
626	0
119	0
361	0
1	0
1	154
0	154
12	0
176	0
10	4
71	325
0	325
905	0
0	0
153	0
0	76
1	76
329	0
1187	0
293	0
303	0
1235	0
438	0
43	0
256	0
314	5331
166	5331
397	0
716	0
109	5020
34	5020
983	0
2	282
0	194
5	244
0	156
36	0
427	0
38	1254
7	1254
190	0
540	0
349	0
832	0
726	0
1204	38
94	0
1596	0
36	0
89	0
3019	0
187	0
96	0
108	4012
189	4012
67	0
83	0
1	0
8	0
2857	0
292	0
887	0
556	0
15	0
300	0
733	0
744	0
2318	0
183	1837
41	1837
5	678
0	591
62	678
11	0
10	0
0	1539
1	1499
0	1564
22	1488
10	1332
4	1319
26	1405
0	1556
40	1483
68	1508
19	1482
0	1582
0	1599
0	1564
0	1636
0	1628
964	0
152	1773
0	1685
1	1773
0	1773
32	1625
130	1625
204	0
708	394
417	0
0	0
155	0
234	0
113	0
906	0
933	0
5	257
53	251
5	227
0	251
1	221
0	221
383	0
2	0
0	34
2	34
10	380
95	380
2	371
18	2015
143	2015
1907	0
582	12
652	0
2965	0
493	0
292	0
1030	6
0	3004
1	2766
16	2801
0	3055
4	2879
6	2855
0	2904
11	2924
5	2946
43	2936
0	2955
2	2318
24	2501
1452	0
1141	0
1062	0
8	0
0	0
79	0
1061	0
12	58
6	58
13	0
2	47
0	132
0	120
0	140
1	128
0	126
135	0
3594	0
385	0
23798	0
0	975
81	975
6	504
107	504
0	0
111	0
4	48
38	48
61	0
92	410
66	410
839	0
10	0
0	25
0	25
0	21
5	589
0	720
79	692
44	0
31	0
654	0
26404	0
2198	0
271	0
381	0
1397	0
4419	0
9	12
3	12
190	0
31	0
4	0
0	10166
0	10042
17	9863
0	9943
7	0
6	0
34	391
39	391
53	107
5	9
0	9
178	0
6	996
144	996
423	0
36	458
0	458
96	396
38	396
23	3558
49	3274
48	3371
2	0
65	290
57	433
11	433
84	0
7	0
940	0
432	0
0	0
243	0
0	0
0	0
794	0
876	0
637	0
83	0
894	0
577	0
692	0
0	122
0	139
2	120
67	258
0	258
193	0
0	526
0	567
0	601
0	561
0	560
576	0
248	1456
30	1456
300	0
37	0
466	1
151	343
8	334
7	470
68	342
1199	1
302	0
726	0
192	0
21	0
73	571
0	571
1891	0
83	0
1467	0
1	23
2	23
0	0
4	19
0	0
140	0
7	0
25	411
25	411
42	0
83	0
20	2357
1	2096
63	2415
0	2430
4	1659
37	0
38143	0
232	0
1140	0
0	0
0	0
0	0
0	0
0	0
3	0
0	0
2093	0
1678	0
292	0
18	0
27	0
651	0
248	0
1876	0
56	0
1424	0
12	0
18	0
3726	0
0	6466
0	6864
0	5455
0	5853
0	5757
228	0
258	0
8	450
4	450
0	434
4	263
0	235
2	263
47	2336
69	2336
104	2336
14	0
348	0
201	0
433	0
1237	0
257	0
36	0
425	0
2246	0
17	0
412	0
1481	0
1450	0
69	1096
26	1096
135	0
67	280
0	280
25	688
0	667
23	688
51	1453
0	1395
86	1453
6	86
0	86
610	0
72	349
43	349
0	1389
132	1389
800	0
353	0
3018	0
2105	0
170	0
335	0
5	463
25	463
68	1941
403	1941
326	0
1047	0
0	4749
0	4659
0	4345
0	4255
0	4187
91	0
80	0
1	1086
0	1137
1	1086
32	1088
7	1133
5	945
0	918
3	999
0	1052
61	1019
0	0
0	0
75	346
0	346
181	1022
50	1022
49	954
2	947
0	874
1016	0
8874	0
94	193
2	193
7015	0
296	0
444	0
1290	91
103	0
686	0
12637	0
173	0
662	755
12	455
11	455
89	447
24	0
532	0
200	0
29	0
1692	0
4	0
2	0
20	0
468	1805
367	1805
283	1334
2	1334
108	0
81	0
175	0
54	0
128	0
130	0
266	0
454	0
9	641
19	861
155	858
0	11725
0	11673
0	11703
0	11651
149	0
575	0
13	27
0	27
70	191
1	191
312	0
1387	6736
0	6736
291	0
81	270
0	270
2	553
53	553
560	0
481	5
807	5
7192	0
88	1070
0	1070
54	0
93	0
3004	0
76	0
1319	71
1165	0
52	0
60	0
2	0
14	0
161	0
2671	0
17	309
9	309
186	1787
3	1787
912	0
1596	0
375	0
1626	0
8	167
6	167
1315	0
9657	0
830	0
210	0
0	49
1	30
0	59
4	42
119	0
0	0
2	838
16	838
260	0
110	0
21	4836
7	4831
0	4853
15127	0
203	5006
14	5006
380	0
2	0
0	0
86	0
91	0
30	0
262	0
715	0
49	0
467	0
1772	0
1292	0
29	0
5548	0
205	0
1	113
0	113
51	0
30	1449
135	1449
17	0
282	0
0	1875
41	2052
0	1718
6	1851
1	1878
62	2068
10	1864
0	1867
8	1999
4	1997
0	1798
495	0
246	0
6	0
1	0
61	877
144	877
492	0
27	1522
0	1544
24	1530
13	1378
665	0
163	0
16	130
0	130
52	44
544	0
3	198
8	198
1381	0
92	0
113	982
0	982
1550	0
88	0
147	0
3529	0
0	895
0	814
9	888
4	882
8	881
1119	83
1429	0
82	0
235	0
442	0
14	133
5	133
14	0
30	2641
7	2723
0	2780
57	2716
10	2421
44	2624
5	2678
33	2642
14	0
1000	0
8	0
409	0
120	0
5648	0
19	0
6867	0
4	0
1641	0
1445	14
288	14
3	0
39	0
1	0
10	0
83	691
13	691
194	591
0	556
51	0
369	0
31	2264
0	2392
0	2347
31	2340
0	2344
0	2299
2	2391
11	2365
0	2334
24	0
608	0
1516	0
205	0
18	695
0	603
69	695
85	0
1646	0
316	0
26089	0
441	0
22	553
37	553
3001	77
249	0
99	784
14	784
553	0
5	209
63	209
59	0
2	0
508	568
0	738
0	799
1	627
7	770
6	767
0	816
0	877
9	584
3	594
0	594
27	594
10	1148
335	1148
905	0
52	1128
14	1126
15	1154
97	1154
3731	0
0	0
0	0
7846	4
54	270
9	270
18	0
1	61
0	61
0	0
444	0
91	562
6	562
0	251
33	251
80	944
6	944
0	138
4	124
51	131
38	163
0	163
381	0
324	2831
164	2759
33	2424
14	0
3	318
221	318
993	0
68	986
127	986
13117	0
348	68
447	0
81	0
19109	0
1795	0
2275	0
43	0
303	0
918	0
2	0
0	0
0	0
1005	0
11	0
423	0
110	4142
337	4142
340	4141
0	0
22	689
57	689
178	0
10	0
930	0
53	0
3	1577
178	1577
649	46
21	0
9	0
70	243
7	243
647	0
2438	0
0	114
15	127
0	132
632	0
191	0
617	7
0	1615
12	1658
0	2014
190	1971
0	1924
0	1812
61	0
239	0
4	2179
3	2179
0	2177
14	2821
11	2831
0	2855
7	2810
102	0
1851	0
706	0
186	0
2011	0
1	928
46	1010
0	1056
0	1002
376	0
2	3
0	3
0	0
0	0
1	0
2	0
577	0
0	0
0	0
0	329
0	329
57	557
5	386
4	417
81	1282
13	1282
30	0
555	0
1583	0
4823	0
11	0
116	0
968	0
98	0
207	0
516	0
0	2141
23	1824
7	1303
58	0
571	0
346	0
204	0
45	207
0	207
853	0
0	0
33	427
7	428
0	387
0	0
0	0
0	0
0	0
6	1848
0	1911
18	1536
1774	0
29	541
676	541
6	1015
385	1015
754	0
1123	2
2525	0
547	0
20	0
219	0
6	1820
37	1820
0	7
0	7
272	0
93	0
4	54
0	54
843	0
173	0
266	0
38	0
0	0
112	0
227	0
251	0
401	0
1526	0
1	0
172	0
13	788
64	788
43	0
0	1155
425	1155
1588	0
0	0
635	0
456	0
509	0
2652	0
50	402
187	402
4	237
6	237
0	433
11	477
0	426
10	448
28	448
0	479
558	0
77	113
4	113
2	11
5909	49
32	0
0	0
61	24666
2239	24666
31	229
91	229
721	0
0	1771
16	1658
38	1748
6	1766
106	0
18	0
2	410
33	468
15	414
0	469
0	394
200	394
4	116
66	116
1987	0
443	2243
0	2243
3	0
2538	850
37	590
451	590
1105	0
293	0
225	0
161	0
1421	0
2	5491
0	6072
8	5770
39	5771
10	5381
108	670
0	670
10	39
0	39
4	0
46	0
0	844
4	837
162	783
13	712
1317	0
54	490
30	490
45	0
2	0
11338	0
395	0
17	0
24	0
14	0
53	263
0	263
353	1112
15	1112
2653	0
531	0
5331	0
8	0
102	157
0	157
87	373
3	373
0	0
739	0
718	111
835	0
584	0
10	4132
0	4115
252	4124
60	4108
24	4125
0	4108
80	4117
35	4105
112	4100
15	0
173	0
12	0
1	0
419	0
251	0
8	0
155	12
620	0
1269	0
6825	0
0	211
9	196
7	200
8	195
1	167
3	167
176	0
131	0
3	559
0	559
19	10
9	35
5	29
1713	0
1525	0
446	2031
98	2031
127	0
75	419
0	419
56	0
195	0
509	0
25	0
1438	0
185	0
531	0
1	0
4	206
42	206
126	538
0	538
83	0
182	0
0	245
58	238
17	207
8	0
29	124
3	124
23	0
710	0
8750	0
1383	0
460	0
340	0
298	28
15	28
757	0
18	0
4	0
133	0
0	914
193	914
499	0
3296	0
1	0
835	0
792	0
1	0
1	0
1043	0
15	9267
0	10166
24	9067
1	1512
0	1394
0	1282
34	1196
1	1618
0	1506
8	1471
0	1387
1	1577
703	0
3549	0
262	0
188	0
102	0
1506	0
476	0
22	0
10	122
0	122
221	0
24	0
3	0
0	66
4	66
404	0
17	4
0	4
143	0
278	0
17	259
16	260
0	214
0	210
51	306
1	306
69	0
377	0
1982	0
0	578
3	580
1	580
0	580
15	4240
18	4177
0	4208
2	4227
0	4194
1	4221
49	4221
117	2684
0	3056
24	2916
0	2906
0	3033
0	3093
3	2817
21	2795
0	2810
0	2871
0	2988
0	2806
0	2869
0	2936
0	3084
0	2996
0	2712
0	2777
0	2897
25	2899
489	0
621	0
0	0
1	0
0	0
0	0
0	0
0	0
0	0
184	16
175	431
100	0
219	0
518	546
52	546
124	4982
0	4912
140	4982
59	4982
256	550
0	550
314	0
0	1563
0	1559
0	1501
44	1428
0	1505
0	1415
376	0
803	6
0	46
4	46
14	0
4218	0
2181	3256
0	3256
0	347
27	347
2423	0
719	0
344	0
16	197
74	197
23	0
31	0
634	0
739	0
1147	0
2489	0
429	0
0	0
5241	0
364	0
334	0
1902	0
3915	0
906	0
2086	0
221	0
6	215
16	215
355	5380
0	5530
33	5530
136	5380
9	5380
747	22
655	0
7	1287
59	1287
1562	0
2001	0
0	1184
355	7751
803	7751
60	0
824	0
9	30
0	26
0	30
3	30
5693	0
80	0
75	0
15	399
177	399
317	0
11818	0
525	0
156	0
23	220
0	225
0	181
57	660
75	663
0	673
0	577
579	0
4523	0
14	1335
50	1409
0	1199
6	0
578	0
269	0
7906	0
12	0
0	0
355	0
165	0
843	0
954	0
710	0
46	784
76	784
957	0
0	0
0	0
1	0
1516	0
1	1166
29	1166
0	1151
2556	0
3	0
1	0
36	214
0	214
33	0
81	0
76	0
204	0
2548	139
1714	0
322	0
0	1390
5	1590
111	1568
8	1415
0	6
0	0
0	0
6	0
3	0
0	0
164	660
0	660
486	0
4	1746
2	1922
53	1853
475	0
161	0
371	0
1193	0
276	0
42	0
675	0
1324	0
0	143
18	143
5	0
107	0
118	0
8	481
29	481
1665	0
375	0
148	0
586	8963
452	8963
0	0
17	78
0	78
133	0
284	0
40	0
1863	12752
66	12752
414	0
4757	0
63	0
2757	0
33	557
4	557
189	0
1240	0
230	0
0	0
1	0
475	0
3367	0
0	77
0	77
0	74
0	77
2	37
0	76
0	76
1	82
0	92
0	76
580	0
1	148
11	146
0	161
0	0
0	0
24	435
27	435
167	0
496	0
471	0
38	1850
75	1850
718	0
353	0
2366	0
2552	0
230	4945
321	4945
32	0
19	0
37	2518
11	2403
7	2443
0	2695
0	2679
0	2637
1	2737
995	0
18	63
66	63
188	0
0	268
0	268
2137	0
20	1242
70	1242
60	0
10159	0
1551	0
1881	2272
9	2272
6	244
8	244
510	0
0	4
0	4
42	0
76	0
286	0
0	26
0	26
2	26
212	0
242	0
519	0
1794	0
31	0
379	0
76	2389
107	2190
9	2268
153	2398
0	2426
3963	0
53	2
580	0
0	0
0	0
0	0
0	0
0	0
0	0
0	0
5	0
689	0
0	0
8	170
0	170
0	0
0	0
0	0
0	0
1	0
3	0
14	2
0	0
1	0
0	287
69	287
2	0
741	0
68	0
0	0
107	0
6414	0
374	0
122	0
1	0
96	105
34	0
0	67
0	48
0	33
2	163
0	163
4529	0
345	0
175	0
130	0
69	1549
161	1549
1032	0
66	0
2255	0
3	161
11	161
13	0
231	0
877	1915
52	1753
0	1928
380	1851
3	0
10	0
13	0
1023	0
4	0
102	717
7	642
3	572
188	0
42	0
0	0
179	79
895	0
2	1035
10	1029
45	1036
39	2218
247	2218
705	0
196	79
1	0
769	0
161	0
608	0
466	0
1323	0
4	131
27	131
4	1113
91	1113
150	0
3203	0
3815	0
0	0
325	0
23	867
269	867
3	0
819	0
39254	0
209	0
3494	0
665	0
0	97
2	98
0	98
166	0
0	2428
1	2415
0	2700
8	2415
277	4951
681	4951
1530	0
815	0
114	0
1	119
32	119
166	0
492	0
638	0
112	0
297	0
7	139
40	139
6	0
5384	0
12955	0
5	23
2	23
15	896
43	783
0	823
0	841
0	891
0	885
0	903
0	897
9	2500
0	2519
0	2622
41	2483
0	2559
0	2662
91	0
99	0
357	0
0	0
2	0
0	12
0	13
226	0
4	0
8	0
32	0
157	0
3	0
0	0
1180	0
82	0
94	0
773	0
9148	0
326	0
18	64
1	64
1121	0
154	0
17	2213
47	2213
144	0
0	0
24	0
436	0
2395	18
64	0
48	0
28	1357
8	1306
0	1597
112	245
1	245
502	0
747	0
46	1017
317	1017
1354	0
678	0
176	0
6	0
630	228
0	228
1142	0
272	0
0	0
0	0
3345	0
141	1356
102	1356
1238	0
157	0
582	0
25	266
0	266
0	537
19	513
0	455
563	0
135	1712
18	1712
93	1146
185	0
2065	0
26	136
0	136
11	442
9	411
0	382
0	351
0	7900
41	7076
267	7642
1277	1
89	638
6	592
0	482
0	651
517	0
1196	0
236	0
917	0
690	0
12482	0
0	912
0	913
0	1032
0	1033
329	0
2675	0
4610	0
36	2258
14	2259
6	2267
8	2341
0	2280
0	2297
1	2368
0	2385
52	0
63	71
5	71
189	0
136	1561
55	1561
59	1040
260	1040
1002	10237
511	10237
9	0
84	2810
0	3042
0	3303
0	2490
13	2940
25	2944
0	3105
31	0
244	0
87	829
6	829
0	22
0	17
0	20
315	0
4185	0
1228	0
2021	224
1650	0
0	2074
0	2060
0	2093
0	2079
26	2021
34	2028
0	815
4	803
16	761
44	0
357	0
1	0
417	0
7	0
455	0
147	0
1147	0
2	296
1	296
7	295
0	294
28	295
35	293
486	0
58	0
0	53
33	53
1969	0
365	0
20	4051
452	4102
1232	3710
69	2844
519	0
0	247
7	678
8	651
0	744
7	721
20	723
6	231
3	84
1	84
954	0
365	0
1744	0
7	0
84	2
317	0
9	627
86	627
9	0
4	0
0	939
62	931
2	894
1240	0
1	768
0	776
72	815
0	855
0	863
483	0
0	112
218	112
90	4103
154	4103
149	0
633	0
431	0
8	0
8	88
2	88
4	88
206	0
12	690
6	509
4	456
0	691
0	506
12	1379
78	1379
7	1843
417	1843
1518	0
2	648
0	645
8	648
15	1369
0	1357
28	1254
0	1368
1	1369
3	1368
29	1368
247	0
1870	0
18	0
66	1130
138	1130
121	0
74	0
109	0
61	0
0	31
30	31
13	0
1460	38
583	0
234	0
1814	0
177	0
56	0
2	81
0	81
0	77
1	77
1	77
7251	0
51	0
2427	0
2963	0
0	2593
0	2843
23	2307
25	0
70	0
20	1192
0	1255
25	1236
147	0
35	119
0	119
2	0
122	0
0	1445
28	1415
64	1365
6	1448
0	1504
6	1250
80	0
843	0
318	0
241	0
682	0
2147	0
2961	0
239	0
106	299
0	299
38	76
5	0
9	575
11	575
91	575
1043	0
83	3698
189	3788
104	3713
43	3507
33	3901
157	0
0	235
2	228
10	176
4	228
108	2919
64	2919
1117	0
0	1102
0	1172
0	1045
6	913
0	1115
3	1037
33	1028
2	1028
20	931
248	0
362	399
26	399
6	0
1523	0
1302	0
2262	0
2	0
169	0
587	0
1636	0
7	194
97	194
24	2179
0	2715
143	2382
764	0
26	0
731	0
392	0
0	0
7	0
1125	0
13	0
17	0
27	0
67	170
0	170
3214	0
0	11872
0	11753
0	12275
0	12156
0	12292
0	12173
4	0
30	839
10	839
7	936
9	936
21	936
0	350
28	323
1	255
37	346
2377	0
0	496
1	426
10	364
27	437
0	382
80	0
0	114
3	114
847	0
0	2574
0	2574
0	2574
20	696
16	696
56	696
261	0
9	277
1	277
119	1156
4	1156
121	685
0	685
1761	0
74	873
141	873
79	0
1862	0
3982	0
122	0
2614	892
191	0
954	0
449	0
550	0
89	0
938	3567
25	3567
318	0
1623	102
40	2009
0	2037
0	2354
0	2406
0	2090
111	2198
203	2202
898	0
260	0
123	0
637	0
130	2104
10	2104
27	0
232	0
126	0
706	0
0	525
0	569
16	543
5	548
0	448
1305	0
1895	0
669	0
288	0
1101	0
588	0
1342	0
202	0
0	219
0	219
0	0
1473	0
41	0
18	531
14	531
0	449
5	26
18	26
407	0
4	729
21	729
2350	0
910	0
74	851
48	851
868	0
593	0
1928	0
402	0
1941	0
5574	17827
5	17827
383	0
297	0
770	0
1422	0
4240	0
623	0
390	0
898	0
196	0
0	694
54	594
2	493
125	0
1752	0
65	0
213	0
1577	0
69	0
660	0
518	0
8	2444
7	2644
0	2754
93	2685
1	57
10	57
878	0
61	25
0	25
2114	0
321	0
37	432
0	432
303	0
16892	0
216	3776
265	3776
816	0
956	13360
0	13360
14	0
887	0
219	0
103	0
353	0
2137	0
133	0
8	1674
2	1872
25	2135
35	2196
0	2229
70170	36
595	4664
1	4664
10	4165
851	0
131	3020
0	3319
294	3270
7	3180
332	0
36	244
0	244
0	138
10782	0
58	4104
1321	4104
1	0
0	0
6	0
3	0
231	0
1047	0
374	0
4436	0
473	0
522	0
1149	0
16	214
0	214
31	79
0	79
1401	0
4	467
48	467
201	0
2768	294
2030	0
83	0
94	249
0	249
2003	0
0	0
566	0
8	788
127	788
87	0
9	1137
3	1115
0	1311
3	1274
44	1304
3	1124
0	1134
6	1112
359	0
6	400
81	460
4	464
55	0
3	251
3	251
0	258
1	197
194	0
9	0
220	1741
0	1741
33	0
1	1804
59	1797
80	1804
119	2656
0	2656
220	2529
116	2529
0	2504
166	2529
13	146
21	146
317	0
9	4501
0	3040
1	3435
0	2971
2	3504
8	4965
57	0
12061	0
28	497
0	497
562	0
166	0
3830	0
70	0
304	0
1422	0
0	335
0	335
0	329
107	0
2154	0
332	0
2455	0
7	0
0	0
0	0
0	0
0	0
19	0
186	1566
12	1418
11	1453
0	1604
40	1512
625	0
0	3682
0	3704
0	3737
0	3704
0	3737
14	3714
131	3699
11	526
10	526
104	0
7	228
21	228
130	631
0	631
302	0
134	0
226	0
17253	0
241	0
0	42
15	42
29	1198
17	1198
427	0
1082	0
1070	0
99	3126
160	3126
1078	0
577	0
0	0
1182	0
2712	0
846	0
153	0
422	0
1	447
33	447
51	279
4	279
1398	2158
0	2158
98	0
64	2821
0	3006
0	2917
1069	0
3161	0
17	0
11	0
21	1356
35	1369
0	1333
47	636
0	636
1769	0
106	773
27	774
7	774
1422	0
1373	0
1592	0
4	0
318	0
21	0
0	0
380	0
841	0
64	0
369	0
265	0
28	0
474	0
98	0
525	0
723	0
955	0
2640	0
200	0
2635	0
145	0
875	0
3179	0
517	0
879	0
1128	0
303	0
13	0
4	537
40	488
0	586
202	0
19	0
0	0
114	349
74	349
3	4
0	2
0	2
0	0
4	0
0	4
3	0
3026	0
39	186
0	186
34	0
854	0
152	0
0	567
0	575
12	374
0	570
0	578
6	376
21	457
21	306
0	33620
0	32557
0	33365
0	32302
0	33857
0	32794
11	27143
40	89
0	89
335	0
1720	0
2	924
100	924
29	1109
240	1109
159	0
11	153
85	153
5	4441
292	4441
294	469
0	469
1723	0
16	55
0	55
0	0
1	0
0	0
0	0
0	0
0	0
22	0
1	0
755	11
92	0
702	0
479	0
42	0
0	1145
57	1145
18	1113
0	7224
52	7175
9	7258
115	7205
7	7289
12	7329
229	574
20	574
80	2066
0	2066
125	0
5	476
72	476
352	0
1350	0
295	0
229	0
470	0
1	0
0	0
1	0
7	0
632	0
0	420
7	383
0	356
75	0
170	0
66	0
423	0
267	0
0	47
7	47
410	6256
13	6337
0	6612
212	6180
184	5874
151	6569
39	6256
2	109
8	109
216	109
153	2
13	75
0	75
10	0
3	29
107	29
0	0
31	1392
0	1454
2	1427
26	1366
50	1423
99	1427
0	1403
106	1426
34	0
217	0
744	0
758	0
639	0
55	7
3960	0
1030	0
3183	0
4	821
5	821
25	0
4114	12
31276	0
128	1124
95	1124
584	0
0	89
2	89
233	0
49	399
6	399
556	0
82	2240
42	2240
2008	0
215	0
1410	0
86	0
28	0
47	6871
79	6926
35	6812
0	7276
0	904
68	1059
0	1125
0	0
45	12
8	0
0	0
67	16
8	0
28	522
8	522
877	0
9560	0
148	0
51	2486
6	2485
18	2392
4843	0
1	238
0	238
0	238
340	0
578	0
448	0
60	0
1	63
0	63
1	59
13	0
265	0
68	0
9	925
4	914
24	933
73	970
5	552
20	552
0	375
25	375
80	357
2	357
216	2346
14	2346
108	0
84	0
520	0
616	0
60	0
1274	0
580	0
73	680
0	680
947	0
12	0
33	0
1523	4
163	0
56	39
0	2
0	2
2743	0
201	38
1	38
517	0
28	0
952	0
0	1252
0	1296
11	1234
4514	0
692	0
255	0
10	298
9	308
3	260
3	250
920	0
467	0
90	0
341	0
861	0
7955	0
0	174
2	174
2733	0
1	0
20	0
688	0
747	0
563	0
2439	0
1025	0
114	632
0	632
231	0
705	0
31	1485
20	1485
42	60
0	60
4	73
116	73
12	644
23	628
0	573
35	2337
0	2328
7	2069
17	2100
1	2082
0	2344
5	2177
135	2196
5	0
0	0
84	0
30	0
9	0
133	0
98	428
0	428
55	0
0	1722
4	1600
6	1586
107	1686
1032	0
52	1196
83	1240
11	1271
2	1197
0	1056
0	1053
0	1051
0	1048
0	944
135	2624
15	2458
68	2613
428	0
4	919
204	919
3491	2
248	0
87	0
223	9792
3758	9792
822	0
1736	0
398	0
1	74
3	74
844	0
101	0
0	251
11	242
3	233
0	237
107	1241
86	1241
0	1372
213	1102
0	1459
60	1413
14	1201
144	0
306	0
472	0
0	1634
0	1634
338	0
1227	0
866	0
35	1114
26	1099
0	1234
68	1207
340	0
1192	0
928	0
1417	0
81	0
1171	0
27	0
3	0
3	0
640	0
6	287
27	287
134	0
0	0
19	81
7	81
4	2
89	0
0	5333
68	4883
59	4928
95	4847
13	4558
65	5287
25	5270
24	4590
114	5323
0	4600
103	5092
292	5246
0	3792
15	42
0	42
2	73
33	73
2328	0
1	0
0	0
19	0
19644	0
2	0
118	0
4729	0
210	0
75	0
611	391
988	391
0	2820
0	2859
0	2876
0	2837
174	2711
531	0
21	2506
392	2506
12	2171
364	2171
76	0
375	0
0	1358
0	1319
91	1183
0	1975
504	1975
538	0
59	0
18	0
1632	0
167	0
1591	0
360	0
20	0
0	574
44	551
8	520
0	515
1121	141
22	102
0	102
10	0
30	0
13	0
0	0
28	57
3	57
14	58
0	58
651	0
21	534
42	534
350	0
64	0
713	0
171	0
179	0
1059	0
0	0
223	0
89	382
62	382
0	0
166	0
196	0
276	0
286	0
222	0
197	54
0	54
346	0
2666	0
29	0
17	299
3	299
0	287
112	0
217	0
45	107
1	107
89	107
0	107
0	0
8	0
2886	0
14	459
109	459
479	0
81052	0
79	0
142	0
19	0
5	0
0	0
0	6
12	6
25	0
0	153
46	153
1	174
44	174
756	0
40	8829
0	8978
480	8643
41	8244
62	8244
13	6691
4594	0
509	0
184	1215
0	1215
662	0
647	0
138	473
1	473
162	0
2	483
0	526
7	334
28	0
1	0
3	0
0	0
2	0
0	0
28	3
6	2
43	0
98	0
1249	0
1043	0
261	0
42	0
17	6
0	6
2	0
21	0
0	5341
160	5386
123	5229
78	5193
42	5182
340	1
0	0
8	0
20	0
114	0
16	4
7	0
43	49
25	49
312	5
1019	0
201	0
662	0
211	0
204	0
37	147
0	147
0	70
0	70
248	0
168	0
294	0
16	0
1	0
0	919
1	0
967	0
3765	0
48	0
2	0
107	782
28	829
38	806
0	105
1730	0
509	5163
1469	5163
27	1321
71	1321
7	27
0	27
39	96
8	96
0	8
6	8
516	0
806	0
195	0
166	0
13	1116
16	1119
11	1098
7	1101
2	0
33	9
0	0
0	0
8	0
0	0
1	0
0	0
0	0
100	1248
37	1248
27	224
2	224
5	0
0	0
1	249
0	249
0	251
0	228
1	276
3	276
423	0
3678	0
165	0
215	1099
18	1099
1238	0
0	0
841	0
12	0
2	77
22	77
165	0
11777	0
4	19
123	37
4	0
5	18
0	18
66	1008
22	1008
58	0
1301	0
6	0
121	0
165	0
234	0
0	0
309	0
0	0
0	0
0	0
0	1
0	0
0	1
169	41
2	0
2	0
12	1
0	3
7	3
599	0
221	0
0	0
170	395
0	395
19017	0
131	0
127	0
1	0
54	0
0	0
0	0
0	0
5	4
25	0
4	0
11	0
4148	0
176	0
50	312
28	312
2240	0
12	725
43	725
13	854
108	854
6	486
4	497
9	394
55	494
56	1002
258	1002
155	0
231	0
48	34
2	34
130	38
0	1
4	0
460	0
548	0
773	0
0	2714
39	2683
3	2665
39	2637
82	2613
7	2611
12	2662
0	2705
0	2163
0	2154
6	1353
251	1353
1656	0
4	0
2	0
19	0
163	727
0	727
2	1
0	0
13	0
1275	0
1	656
9	656
3	0
0	0
3	0
28	0
110	0
17	0
14	0
0	0
0	0
0	0
392	0
479	0
170	3
1	0
3	195
0	195
144	0
7705	0
148	0
112	0
1602	0
34	0
51	0
2346	0
8	43
20	242
39	242
0	0
8	0
21	0
166	12
614	2
0	0
1	0
0	90
9	90
1	0
288	0
114	0
55	58
0	58
1	0
0	1
49	6
0	0
0	0
6	0
0	0
4	0
5	0
3182	1
178	0
85	12
4	10
73	0
9	26
1	26
1009	739
2018	0
201	0
0	0
1069	0
1	0
15	0
174	635
26	639
17	639
0	0
17	0
348	0
111	353
0	353
0	0
5	0
1019	0
205	0
21	44
7	0
0	0
114	15241
0	15241
0	15188
0	345
44	464
32	463
6	76
71	76
0	766
0	766
272	0
428	0
7	0
16	0
5277	0
0	1206
411	1206
23	0
1	0
0	0
0	944
13	0
195	0
49	81
822	0
25	1043
12	1043
30	0
218	412
5	412
290	0
118	3
0	174
69	174
10	0
0	0
1	0
0	0
115	8
0	0
280	0
11	202
31	202
892	0
0	919
141	1
0	1184
1	0
3	0
0	0
5	129
1	129
0	88
2834	0
613	0
6	0
0	40
9	40
7	0
630	0
478	0
99	0
909	0
11	0
806	0
1	0
62	60
59	73
1	0
8	0
4	0
3	0
2	0
0	0
0	0
28	0
0	0
22	38
169	5
1	0
56	5
0	6
60	6
1	0
4	0
178	1
0	0
0	0
9	0
154	0
0	1
0	0
0	0
0	1
0	1271
0	1271
350	0
23	2
185	0
614	0
0	0
568	0
62	0
17	0
