{
    "read_files": "( /seqdata/krogh/cse/bitao/gene_age_mar_2017/raw_data/sorted/Aech/Aech_7/170325_I133_FCHGL5TBBXX_L7_RDWHANTosqDABCRAAPEI-47/170325_I133_FCHGL5TBBXX_L7_RDWHANTosqDABCRAAPEI-47_1.fq.gz, /seqdata/krogh/cse/bitao/gene_age_mar_2017/raw_data/sorted/Aech/Aech_7/170325_I133_FCHGL5TBBXX_L7_RDWHANTosqDABCRAAPEI-47/170325_I133_FCHGL5TBBXX_L7_RDWHANTosqDABCRAAPEI-47_2.fq.gz ), ( /seqdata/krogh/cse/bitao/gene_age_mar_2017/raw_data/sorted/Aech/Aech_7/170325_I133_FCHGL5TBBXX_L8_RDWHANTosqDABCRAAPEI-47/170325_I133_FCHGL5TBBXX_L8_RDWHANTosqDABCRAAPEI-47_1.fq.gz, /seqdata/krogh/cse/bitao/gene_age_mar_2017/raw_data/sorted/Aech/Aech_7/170325_I133_FCHGL5TBBXX_L8_RDWHANTosqDABCRAAPEI-47/170325_I133_FCHGL5TBBXX_L8_RDWHANTosqDABCRAAPEI-47_2.fq.gz )",
    "expected_format": "IU",
    "compatible_fragment_ratio": 0.9954044030215945,
    "num_compatible_fragments": 2825325,
    "num_assigned_fragments": 2838369,
    "num_consistent_mappings": 2178163,
    "num_inconsistent_mappings": 1746594,
    "strand_mapping_bias": 0.5088870759442705,
    "MSF": 0,
    "OSF": 1470,
    "ISF": 1069724,
    "MSR": 0,
    "OSR": 1449,
    "ISR": 1108439,
    "SF": 626087,
    "SR": 1101555,
    "MU": 0,
    "OU": 0,
    "IU": 0,
    "U": 0
}