{
    "read_files": "( /seqdata/krogh/cse/bitao/gene_age_mar_2017/raw_data/sorted/Lhum/Lhum_7/170325_I133_FCHGL5TBBXX_L5_RDWHANTosqDAASRAAPEI-30/170325_I133_FCHGL5TBBXX_L5_RDWHANTosqDAASRAAPEI-30_1.fq.gz, /seqdata/krogh/cse/bitao/gene_age_mar_2017/raw_data/sorted/Lhum/Lhum_7/170325_I133_FCHGL5TBBXX_L5_RDWHANTosqDAASRAAPEI-30/170325_I133_FCHGL5TBBXX_L5_RDWHANTosqDAASRAAPEI-30_2.fq.gz ), ( /seqdata/krogh/cse/bitao/gene_age_mar_2017/raw_data/sorted/Lhum/Lhum_7/170325_I133_FCHGL5TBBXX_L6_RDWHANTosqDAASRAAPEI-30/170325_I133_FCHGL5TBBXX_L6_RDWHANTosqDAASRAAPEI-30_1.fq.gz, /seqdata/krogh/cse/bitao/gene_age_mar_2017/raw_data/sorted/Lhum/Lhum_7/170325_I133_FCHGL5TBBXX_L6_RDWHANTosqDAASRAAPEI-30/170325_I133_FCHGL5TBBXX_L6_RDWHANTosqDAASRAAPEI-30_2.fq.gz )",
    "expected_format": "IU",
    "compatible_fragment_ratio": 0.9990074831333524,
    "num_compatible_fragments": 8868620,
    "num_assigned_fragments": 8877431,
    "num_consistent_mappings": 5930847,
    "num_inconsistent_mappings": 5340330,
    "strand_mapping_bias": 0.4963412477172316,
    "MSF": 0,
    "OSF": 2633,
    "ISF": 2987123,
    "MSR": 0,
    "OSR": 2640,
    "ISR": 2943724,
    "SF": 1432921,
    "SR": 3897709,
    "MU": 0,
    "OU": 0,
    "IU": 0,
    "U": 0
}