{
    "read_files": "( /isdata/cse/bitao/gene_age_mar_2017/raw_data/Added/Mpha/Mpha_7x/180220_X602_FCHHWY5CCXY_L7_RDWHANTosqDAAKRAAPEI-19_1.fq.gz, /isdata/cse/bitao/gene_age_mar_2017/raw_data/Added/Mpha/Mpha_7x/180220_X602_FCHHWY5CCXY_L7_RDWHANTosqDAAKRAAPEI-19_2.fq.gz ), ( /isdata/cse/bitao/gene_age_mar_2017/raw_data/sorted/Mpha/Mpha_7x/170325_I133_FCHGL5TBBXX_L5_RDWHANTosqDAAKRAAPEI-19/170325_I133_FCHGL5TBBXX_L5_RDWHANTosqDAAKRAAPEI-19_1.fq.gz, /isdata/cse/bitao/gene_age_mar_2017/raw_data/sorted/Mpha/Mpha_7x/170325_I133_FCHGL5TBBXX_L5_RDWHANTosqDAAKRAAPEI-19/170325_I133_FCHGL5TBBXX_L5_RDWHANTosqDAAKRAAPEI-19_2.fq.gz ), ( /isdata/cse/bitao/gene_age_mar_2017/raw_data/sorted/Mpha/Mpha_7x/170325_I133_FCHGL5TBBXX_L6_RDWHANTosqDAAKRAAPEI-19/170325_I133_FCHGL5TBBXX_L6_RDWHANTosqDAAKRAAPEI-19_1.fq.gz, /isdata/cse/bitao/gene_age_mar_2017/raw_data/sorted/Mpha/Mpha_7x/170325_I133_FCHGL5TBBXX_L6_RDWHANTosqDAAKRAAPEI-19/170325_I133_FCHGL5TBBXX_L6_RDWHANTosqDAAKRAAPEI-19_2.fq.gz )",
    "expected_format": "IU",
    "compatible_fragment_ratio": 1.0,
    "num_compatible_fragments": 35117764,
    "num_assigned_fragments": 35117764,
    "num_frags_with_consistent_mappings": 23218280,
    "num_frags_with_inconsistent_or_orphan_mappings": 11928843,
    "strand_mapping_bias": 0.4946568824219537,
    "MSF": 0,
    "OSF": 0,
    "ISF": 11733198,
    "MSR": 0,
    "OSR": 0,
    "ISR": 11485082,
    "SF": 7531584,
    "SR": 4397259,
    "MU": 0,
    "OU": 0,
    "IU": 0,
    "U": 0
}