{
    "salmon_version": "0.8.2",
    "index": "/seqdata/krogh/cse/bitao/gene_age_mar_2017/ref_genome/Aech/Aech",
    "libType": "A",
    "mates1": [
        "/seqdata/krogh/cse/bitao/gene_age_mar_2017/raw_data/sorted/Aech/Aech_8/170325_I133_FCHGL5TBBXX_L7_RDWHANTosqDABDRAAPEI-50/170325_I133_FCHGL5TBBXX_L7_RDWHANTosqDABDRAAPEI-50_1.fq.gz",
        "/seqdata/krogh/cse/bitao/gene_age_mar_2017/raw_data/sorted/Aech/Aech_8/170325_I133_FCHGL5TBBXX_L8_RDWHANTosqDABDRAAPEI-50/170325_I133_FCHGL5TBBXX_L8_RDWHANTosqDABDRAAPEI-50_1.fq.gz"
    ],
    "mates2": [
        "/seqdata/krogh/cse/bitao/gene_age_mar_2017/raw_data/sorted/Aech/Aech_8/170325_I133_FCHGL5TBBXX_L7_RDWHANTosqDABDRAAPEI-50/170325_I133_FCHGL5TBBXX_L7_RDWHANTosqDABDRAAPEI-50_2.fq.gz",
        "/seqdata/krogh/cse/bitao/gene_age_mar_2017/raw_data/sorted/Aech/Aech_8/170325_I133_FCHGL5TBBXX_L8_RDWHANTosqDABDRAAPEI-50/170325_I133_FCHGL5TBBXX_L8_RDWHANTosqDABDRAAPEI-50_2.fq.gz"
    ],
    "seqBias": [],
    "gcBias": [],
    "threads": "10",
    "output": "quants/Aech_8",
    "auxDir": "aux_info"
}