{
    "read_files": "( /seqdata/krogh/cse/bitao/gene_age_mar_2017/raw_data/sorted/Lhum/Lhum_10/170325_I133_FCHGL5TBBXX_L7_RDWHANTosqDAAVRAAPEI-33/170325_I133_FCHGL5TBBXX_L7_RDWHANTosqDAAVRAAPEI-33_1.fq.gz, /seqdata/krogh/cse/bitao/gene_age_mar_2017/raw_data/sorted/Lhum/Lhum_10/170325_I133_FCHGL5TBBXX_L7_RDWHANTosqDAAVRAAPEI-33/170325_I133_FCHGL5TBBXX_L7_RDWHANTosqDAAVRAAPEI-33_2.fq.gz ), ( /seqdata/krogh/cse/bitao/gene_age_mar_2017/raw_data/sorted/Lhum/Lhum_10/170325_I133_FCHGL5TBBXX_L8_RDWHANTosqDAAVRAAPEI-33/170325_I133_FCHGL5TBBXX_L8_RDWHANTosqDAAVRAAPEI-33_1.fq.gz, /seqdata/krogh/cse/bitao/gene_age_mar_2017/raw_data/sorted/Lhum/Lhum_10/170325_I133_FCHGL5TBBXX_L8_RDWHANTosqDAAVRAAPEI-33/170325_I133_FCHGL5TBBXX_L8_RDWHANTosqDAAVRAAPEI-33_2.fq.gz )",
    "expected_format": "IU",
    "compatible_fragment_ratio": 0.9962436273374584,
    "num_compatible_fragments": 7635784,
    "num_assigned_fragments": 7664575,
    "num_consistent_mappings": 4862832,
    "num_inconsistent_mappings": 4750238,
    "strand_mapping_bias": 0.5180030895576898,
    "MSF": 0,
    "OSF": 1919,
    "ISF": 2343870,
    "MSR": 0,
    "OSR": 2243,
    "ISR": 2518962,
    "SF": 1383949,
    "SR": 3329091,
    "MU": 0,
    "OU": 0,
    "IU": 0,
    "U": 0
}