{
    "read_files": "( /seqdata/krogh/cse/bitao/gene_age_mar_2017/raw_data/Dqua/Dqua_9/SRR1519126_1.fastq, /seqdata/krogh/cse/bitao/gene_age_mar_2017/raw_data/Dqua/Dqua_9/SRR1519126_2.fastq )",
    "expected_format": "IU",
    "compatible_fragment_ratio": 0.9921127652788799,
    "num_compatible_fragments": 13612811,
    "num_assigned_fragments": 13721032,
    "num_consistent_mappings": 14252094,
    "num_inconsistent_mappings": 3584313,
    "strand_mapping_bias": 0.5021775045828354,
    "MSF": 0,
    "OSF": 9300,
    "ISF": 7095013,
    "MSR": 0,
    "OSR": 9338,
    "ISR": 7157081,
    "SF": 1706153,
    "SR": 1734914,
    "MU": 0,
    "OU": 0,
    "IU": 0,
    "U": 0
}