{
    "salmon_version": "0.8.2",
    "index": "/isdata/cse/bitao/gene_age_mar_2017/ref_genome/Lnig/Lnig",
    "libType": "A",
    "mates1": [
        "/isdata/cse/bitao/gene_age_mar_2017/raw_data/Lnig/Lnig_7/SRR5194946_1.fastq",
        "/isdata/cse/bitao/gene_age_mar_2017/raw_data/Lnig/Lnig_7/SRR5194947_1.fastq"
    ],
    "mates2": [
        "/isdata/cse/bitao/gene_age_mar_2017/raw_data/Lnig/Lnig_7/SRR5194946_2.fastq",
        "/isdata/cse/bitao/gene_age_mar_2017/raw_data/Lnig/Lnig_7/SRR5194947_2.fastq"
    ],
    "seqBias": [],
    "gcBias": [],
    "threads": "10",
    "output": "quants/Lnig_7",
    "auxDir": "aux_info"
}