{
    "read_files": "( /isdata/cse/bitao/gene_age_mar_2017/raw_data/Added/Mpha/Mpha_1/180220_X602_FCHHWY5CCXY_L6_RDWHANTosqDAAARAAPEI-8_1.fq.gz, /isdata/cse/bitao/gene_age_mar_2017/raw_data/Added/Mpha/Mpha_1/180220_X602_FCHHWY5CCXY_L6_RDWHANTosqDAAARAAPEI-8_2.fq.gz ), ( /isdata/cse/bitao/gene_age_mar_2017/raw_data/sorted/Mpha/Mpha_1/170325_I133_FCHGL5TBBXX_L5_RDWHANTosqDAAARAAPEI-8/170325_I133_FCHGL5TBBXX_L5_RDWHANTosqDAAARAAPEI-8_1.fq.gz, /isdata/cse/bitao/gene_age_mar_2017/raw_data/sorted/Mpha/Mpha_1/170325_I133_FCHGL5TBBXX_L5_RDWHANTosqDAAARAAPEI-8/170325_I133_FCHGL5TBBXX_L5_RDWHANTosqDAAARAAPEI-8_2.fq.gz ), ( /isdata/cse/bitao/gene_age_mar_2017/raw_data/sorted/Mpha/Mpha_1/170325_I133_FCHGL5TBBXX_L6_RDWHANTosqDAAARAAPEI-8/170325_I133_FCHGL5TBBXX_L6_RDWHANTosqDAAARAAPEI-8_1.fq.gz, /isdata/cse/bitao/gene_age_mar_2017/raw_data/sorted/Mpha/Mpha_1/170325_I133_FCHGL5TBBXX_L6_RDWHANTosqDAAARAAPEI-8/170325_I133_FCHGL5TBBXX_L6_RDWHANTosqDAAARAAPEI-8_2.fq.gz )",
    "expected_format": "IU",
    "compatible_fragment_ratio": 1.0,
    "num_compatible_fragments": 35965938,
    "num_assigned_fragments": 35965938,
    "num_frags_with_consistent_mappings": 23498094,
    "num_frags_with_inconsistent_or_orphan_mappings": 12497828,
    "strand_mapping_bias": 0.4938111150632047,
    "MSF": 0,
    "OSF": 0,
    "ISF": 11894474,
    "MSR": 0,
    "OSR": 0,
    "ISR": 11603620,
    "SF": 8105381,
    "SR": 4392447,
    "MU": 0,
    "OU": 0,
    "IU": 0,
    "U": 0
}