{
    "read_files": "( /isdata/cse/bitao/gene_age_mar_2017/raw_data/Added/Mpha/Mpha_3/180220_X602_FCHHWY5CCXY_L6_RDWHANTosqDAACRAAPEI-11_1.fq.gz, /isdata/cse/bitao/gene_age_mar_2017/raw_data/Added/Mpha/Mpha_3/180220_X602_FCHHWY5CCXY_L6_RDWHANTosqDAACRAAPEI-11_2.fq.gz )",
    "expected_format": "IU",
    "compatible_fragment_ratio": 1.0,
    "num_compatible_fragments": 20817733,
    "num_assigned_fragments": 20817733,
    "num_frags_with_consistent_mappings": 13347787,
    "num_frags_with_inconsistent_or_orphan_mappings": 7480707,
    "strand_mapping_bias": 0.5011871256261431,
    "MSF": 0,
    "OSF": 0,
    "ISF": 6658048,
    "MSR": 0,
    "OSR": 0,
    "ISR": 6689739,
    "SF": 5545653,
    "SR": 1935054,
    "MU": 0,
    "OU": 0,
    "IU": 0,
    "U": 0
}