{
    "read_files": "( /isdata/cse/bitao/gene_age_mar_2017/raw_data/Added/Mpha/Mpha_7/180220_X602_FCHHWY5CCXY_L6_RDWHANTosqDAAGRAAPEI-15_1.fq.gz, /isdata/cse/bitao/gene_age_mar_2017/raw_data/Added/Mpha/Mpha_7/180220_X602_FCHHWY5CCXY_L6_RDWHANTosqDAAGRAAPEI-15_2.fq.gz ), ( /isdata/cse/bitao/gene_age_mar_2017/raw_data/sorted/Mpha/Mpha_7/170325_I133_FCHGL5TBBXX_L5_RDWHANTosqDAAGRAAPEI-15/170325_I133_FCHGL5TBBXX_L5_RDWHANTosqDAAGRAAPEI-15_1.fq.gz, /isdata/cse/bitao/gene_age_mar_2017/raw_data/sorted/Mpha/Mpha_7/170325_I133_FCHGL5TBBXX_L5_RDWHANTosqDAAGRAAPEI-15/170325_I133_FCHGL5TBBXX_L5_RDWHANTosqDAAGRAAPEI-15_2.fq.gz ), ( /isdata/cse/bitao/gene_age_mar_2017/raw_data/sorted/Mpha/Mpha_7/170325_I133_FCHGL5TBBXX_L6_RDWHANTosqDAAGRAAPEI-15/170325_I133_FCHGL5TBBXX_L6_RDWHANTosqDAAGRAAPEI-15_1.fq.gz, /isdata/cse/bitao/gene_age_mar_2017/raw_data/sorted/Mpha/Mpha_7/170325_I133_FCHGL5TBBXX_L6_RDWHANTosqDAAGRAAPEI-15/170325_I133_FCHGL5TBBXX_L6_RDWHANTosqDAAGRAAPEI-15_2.fq.gz )",
    "expected_format": "IU",
    "compatible_fragment_ratio": 1.0,
    "num_compatible_fragments": 30582467,
    "num_assigned_fragments": 30582467,
    "num_frags_with_consistent_mappings": 19533164,
    "num_frags_with_inconsistent_or_orphan_mappings": 11078250,
    "strand_mapping_bias": 0.49106591231200438,
    "MSF": 0,
    "OSF": 0,
    "ISF": 9941093,
    "MSR": 0,
    "OSR": 0,
    "ISR": 9592071,
    "SF": 7106891,
    "SR": 3971359,
    "MU": 0,
    "OU": 0,
    "IU": 0,
    "U": 0
}