{
    "read_files": "( /isdata/cse/bitao/gene_age_mar_2017/raw_data/Added/Mpha/Mpha_6/180220_X602_FCHHWY5CCXY_L6_RDWHANTosqDAAFRAAPEI-14_1.fq.gz, /isdata/cse/bitao/gene_age_mar_2017/raw_data/Added/Mpha/Mpha_6/180220_X602_FCHHWY5CCXY_L6_RDWHANTosqDAAFRAAPEI-14_2.fq.gz ), ( /isdata/cse/bitao/gene_age_mar_2017/raw_data/sorted/Mpha/Mpha_6/170325_I133_FCHGL5TBBXX_L5_RDWHANTosqDAAFRAAPEI-14/170325_I133_FCHGL5TBBXX_L5_RDWHANTosqDAAFRAAPEI-14_1.fq.gz, /isdata/cse/bitao/gene_age_mar_2017/raw_data/sorted/Mpha/Mpha_6/170325_I133_FCHGL5TBBXX_L5_RDWHANTosqDAAFRAAPEI-14/170325_I133_FCHGL5TBBXX_L5_RDWHANTosqDAAFRAAPEI-14_2.fq.gz ), ( /isdata/cse/bitao/gene_age_mar_2017/raw_data/sorted/Mpha/Mpha_6/170325_I133_FCHGL5TBBXX_L6_RDWHANTosqDAAFRAAPEI-14/170325_I133_FCHGL5TBBXX_L6_RDWHANTosqDAAFRAAPEI-14_1.fq.gz, /isdata/cse/bitao/gene_age_mar_2017/raw_data/sorted/Mpha/Mpha_6/170325_I133_FCHGL5TBBXX_L6_RDWHANTosqDAAFRAAPEI-14/170325_I133_FCHGL5TBBXX_L6_RDWHANTosqDAAFRAAPEI-14_2.fq.gz )",
    "expected_format": "IU",
    "compatible_fragment_ratio": 1.0,
    "num_compatible_fragments": 32813501,
    "num_assigned_fragments": 32813501,
    "num_frags_with_consistent_mappings": 22112225,
    "num_frags_with_inconsistent_or_orphan_mappings": 10728254,
    "strand_mapping_bias": 0.4914947726879588,
    "MSF": 0,
    "OSF": 0,
    "ISF": 11244182,
    "MSR": 0,
    "OSR": 0,
    "ISR": 10868043,
    "SF": 6890194,
    "SR": 3838060,
    "MU": 0,
    "OU": 0,
    "IU": 0,
    "U": 0
}